part_id,total_demand,mean_demand,std_demand,max_demand,nonzero_weeks,zero_weeks,zero_pct,adi,cv2,ata_chapter,ata_description,part_type,criticality,aircraft_type,demand_category,unit_cost_usd,lead_time_weeks,fleet_size,mtbf_flight_hours
PN-10000,301,0.9616613418530351,1.9673129664646618,10,78,235,75.07987220447284,4.012820512820513,4.18506871068101,27,Flight Controls,Expendable,Essential,B737,Intermittent,22.75,2,28,10811.0
PN-10001,1882,6.012779552715655,4.530505179913338,25,298,15,4.792332268370607,1.0503355704697988,0.5677311185556139,72,Engine - Turbine/Turboprop,Expendable,Deferrable,A320,Erratic,74.72,1,62,4673.0
PN-10002,707,2.258785942492013,2.4284889906586913,9,187,126,40.2555910543131,1.6737967914438503,1.1559049550913088,32,Landing Gear,Rotable,Routine,A321,Smooth,17439.53,8,68,5734.0
PN-10003,207,0.6613418530351438,2.3521009678349576,20,33,280,89.45686900958466,9.484848484848484,12.649108138238567,25,Equipment/Furnishings,Expendable,Essential,A320,Lumpy,28.45,4,13,3192.0
PN-10004,87,0.2779552715654952,1.3502348933514208,11,16,297,94.88817891373802,19.5625,23.597653722505076,22,Auto Flight,Expendable,Essential,A320,Intermittent,309.15,2,10,5495.0
PN-10005,96,0.30670926517571884,1.7637335749867882,17,17,296,94.56869009584665,18.41176470588235,33.06832320601852,24,Electrical Power,Rotable,Deferrable,B737,Lumpy,3087.1,12,18,6091.0
PN-10006,101,0.3226837060702875,0.9614508029183678,6,39,274,87.53993610223642,8.025641025641026,8.87769172956899,35,Oxygen,Rotable,Essential,A320,Intermittent,2266.0,12,30,14583.0
PN-10007,340,1.0862619808306708,1.8918439371227516,8,99,214,68.370607028754,3.1616161616161618,3.0332028546712793,80,Starting,Repairable,AOG-Critical,B737,Smooth,880.21,8,5,7981.0
PN-10008,78,0.24920127795527156,0.9749462515091252,9,27,286,91.3738019169329,11.592592592592593,15.305968576678628,76,Engine Controls,Rotable,Essential,B737,Lumpy,30888.16,10,32,13357.0
PN-10009,193,0.6166134185303515,1.6583062201980585,10,51,262,83.70607028753993,6.137254901960785,7.232751042705675,28,Fuel,Repairable,AOG-Critical,A321,Intermittent,2150.81,4,48,14563.0
PN-10010,419,1.3386581469648562,3.5446340071919162,24,54,259,82.74760383386581,5.796296296296297,7.011378761038421,79,Oil,Repairable,Essential,B787,Lumpy,710.69,3,31,9273.0
PN-10011,114,0.36421725239616615,1.457165356343281,12,29,284,90.73482428115017,10.793103448275861,16.006509892590213,35,Oxygen,Rotable,Essential,A320,Lumpy,34236.58,8,8,13891.0
PN-10012,94,0.3003194888178914,1.5970425070719345,19,23,290,92.65175718849841,13.608695652173912,28.279121832596257,74,Ignition,Expendable,Routine,A320,Lumpy,1026.98,3,46,8465.0
PN-10013,173,0.5527156549520766,1.492910802989791,9,45,268,85.62300319488818,6.955555555555556,7.295653345396066,77,Engine Indicating,Rotable,Routine,A320,Intermittent,35899.54,12,66,2880.0
PN-10014,185,0.5910543130990416,2.0393995409005186,19,32,281,89.77635782747603,9.78125,11.905560675020126,77,Engine Indicating,Expendable,AOG-Critical,A321,Intermittent,108.91,2,55,9041.0
PN-10015,232,0.7412140575079872,1.8777017617171259,11,57,256,81.78913738019169,5.491228070175438,6.417500819384736,76,Engine Controls,Expendable,Essential,A330,Lumpy,13.82,2,62,14549.0
PN-10016,327,1.0447284345047922,1.648011429817974,9,118,195,62.30031948881789,2.652542372881356,2.488362275375154,27,Flight Controls,Repairable,Essential,A320,Smooth,1920.29,2,5,5875.0
PN-10017,78,0.24920127795527156,1.1188396867352115,9,20,293,93.61022364217251,15.65,20.157431640789632,22,Auto Flight,Repairable,Essential,A330,Intermittent,21231.52,2,60,5852.0
PN-10018,74,0.2364217252396166,0.8888641418143856,6,30,283,90.41533546325878,10.433333333333334,14.135006368114473,26,Fire Protection,Repairable,Routine,A350,Intermittent,671.47,2,24,4608.0
PN-10019,115,0.36741214057507987,1.075287087237794,6,45,268,85.62300319488818,6.955555555555556,8.565285735058891,24,Electrical Power,Rotable,Routine,A320,Intermittent,6771.26,6,37,5181.0
PN-10020,1085,3.466453674121406,4.105147551760501,23,240,73,23.322683706070286,1.3041666666666667,1.4024479177727278,27,Flight Controls,Expendable,AOG-Critical,A321,Erratic,304.99,3,64,8912.0
PN-10021,55,0.1757188498402556,0.7496483433250255,5,20,293,93.61022364217251,15.65,18.200296673023956,21,Air Conditioning,Rotable,Deferrable,B777,Intermittent,3050.2,8,23,6082.0
PN-10022,862,2.753993610223642,6.31391866718732,59,88,225,71.8849840255591,3.5568181818181817,5.2562027592941,23,Communications,Expendable,Essential,B777,Lumpy,324.08,2,29,3061.0
PN-10023,1446,4.619808306709265,6.725801160098864,37,178,135,43.13099041533546,1.7584269662921348,2.119532775869402,34,Navigation,Repairable,Routine,A350,Erratic,10813.97,6,37,5951.0
PN-10024,382,1.220447284345048,2.5569094033092727,14,70,243,77.63578274760383,4.4714285714285715,4.3892733678015725,36,Pneumatic,Expendable,Routine,B737,Intermittent,24.5,2,26,3952.0
PN-10025,251,0.8019169329073482,1.4694744938070674,7,88,225,71.8849840255591,3.5568181818181817,3.357881274981797,26,Fire Protection,Expendable,Routine,B777,Intermittent,112.03,2,32,7351.0
PN-10026,684,2.1853035143769968,2.742853415606974,12,150,163,52.07667731629393,2.0866666666666664,1.5753667274567942,21,Air Conditioning,Rotable,Routine,A320,Smooth,3695.71,16,50,9319.0
PN-10027,530,1.6932907348242812,2.190126379785677,9,146,167,53.35463258785943,2.143835616438356,1.6729204434464324,23,Communications,Expendable,Deferrable,A321,Intermittent,185.62,2,64,6971.0
PN-10028,100,0.3194888178913738,1.263454663441976,9,25,288,92.01277955271566,12.52,15.63896474358974,72,Engine - Turbine/Turboprop,Rotable,Essential,A321,Intermittent,49791.31,16,50,4166.0
PN-10029,384,1.2268370607028753,4.380498218609097,49,43,270,86.26198083067092,7.27906976744186,12.748915495695885,35,Oxygen,Expendable,AOG-Critical,A330,Lumpy,54.43,3,37,7049.0
PN-10030,178,0.5686900958466453,2.307160789120845,23,30,283,90.41533546325878,10.433333333333334,16.45903598516116,73,Engine Fuel and Control,Repairable,Essential,B737,Lumpy,3026.15,6,69,3851.0
PN-10031,160,0.5111821086261981,1.2276343503423204,6,59,254,81.15015974440894,5.305084745762712,5.767488982371794,34,Navigation,Expendable,Deferrable,A321,Intermittent,29117.58,1,67,1252.0
PN-10032,121,0.3865814696485623,1.5974976848549935,11,23,290,92.65175718849841,13.608695652173912,17.076482182981056,77,Engine Indicating,Rotable,Deferrable,B737,Lumpy,20441.11,8,12,6390.0
PN-10033,1882,6.012779552715655,4.215337107374844,23,294,19,6.070287539936102,1.064625850340136,0.4914892916812208,32,Landing Gear,Expendable,Routine,B737,Erratic,5.36,2,59,3107.0
PN-10034,610,1.9488817891373802,3.7112019048995593,18,85,228,72.84345047923323,3.6823529411764704,3.6262535746525253,36,Pneumatic,Expendable,Routine,A321,Lumpy,46.21,1,66,8688.0
PN-10035,243,0.7763578274760383,2.0098675233190626,12,52,261,83.38658146964856,6.019230769230769,6.702101383857217,29,Hydraulic Power,Expendable,AOG-Critical,B777,Intermittent,7.36,1,52,7743.0
PN-10036,44,0.14057507987220447,0.6883059296842761,6,17,296,94.56869009584665,18.41176470588235,23.974322552447568,33,Lights,Repairable,Deferrable,B737,Intermittent,479.7,3,20,2111.0
PN-10037,428,1.3674121405750799,1.8868196717827834,8,137,176,56.23003194888179,2.2846715328467155,1.9039780095003245,73,Engine Fuel and Control,Rotable,AOG-Critical,A320,Smooth,122083.31,12,73,12113.0
PN-10038,441,1.4089456869009584,2.440086531723218,12,96,217,69.32907348242811,3.2604166666666665,2.9993141179568132,78,Exhaust,Expendable,Deferrable,A321,Intermittent,47.94,4,38,2826.0
PN-10039,118,0.3769968051118211,1.1949605413998325,8,36,277,88.49840255591054,8.694444444444445,10.046893299891721,30,Ice and Rain Protection,Expendable,Routine,B737,Intermittent,110.92,1,28,9551.0
PN-10040,295,0.9424920127795527,1.9504805918539205,11,76,237,75.71884984025559,4.118421052631579,4.282801140255894,22,Auto Flight,Rotable,Routine,B787,Intermittent,89609.82,8,55,8565.0
PN-10041,1137,3.63258785942492,3.6403840684925246,20,222,91,29.073482428115017,1.40990990990991,1.0042969780370665,32,Landing Gear,Repairable,Deferrable,B777,Erratic,524.36,2,50,1128.0
PN-10042,197,0.6293929712460063,1.7255708686236986,9,43,270,86.26198083067092,7.27906976744186,7.516606642260484,52,Doors,Expendable,Essential,A350,Intermittent,16.65,1,11,4418.0
PN-10043,83,0.26517571884984026,0.8825052032523721,6,33,280,89.45686900958466,9.484848484848484,11.07559431423563,72,Engine - Turbine/Turboprop,Repairable,Deferrable,A320,Intermittent,6515.38,8,40,2242.0
PN-10044,1593,5.0894568690095845,7.2407091679852265,40,199,114,36.42172523961661,1.5728643216080402,2.0240411195862484,29,Hydraulic Power,Repairable,Routine,B737,Erratic,2957.62,6,41,3909.0
PN-10045,183,0.5846645367412141,2.739786622432973,28,19,294,93.9297124600639,16.473684210526315,21.95937510288489,74,Ignition,Expendable,Routine,A320,Lumpy,9.1,2,17,9164.0
PN-10046,39,0.12460063897763578,0.674965751932379,7,16,297,94.88817891373802,19.5625,29.34424467708492,38,Water/Waste,Rotable,Deferrable,B737,Intermittent,15127.68,8,20,4139.0
PN-10047,492,1.571884984025559,3.814880021242151,23,94,219,69.96805111821087,3.3297872340425534,5.890067031435636,23,Communications,Expendable,Routine,A320,Lumpy,134.49,3,43,2730.0
PN-10048,101,0.3226837060702875,1.7636000346818472,19,20,293,93.61022364217251,15.65,29.870749851070435,30,Ice and Rain Protection,Expendable,Deferrable,A320,Lumpy,1367.17,4,13,6331.0
PN-10049,992,3.169329073482428,3.5832702256393256,20,205,108,34.504792332268366,1.526829268292683,1.2782754631656228,32,Landing Gear,Expendable,Deferrable,A321,Erratic,165.15,2,31,5944.0
PN-10050,425,1.3578274760383386,3.606406035900717,24,73,240,76.6773162939297,4.287671232876712,7.05439960961761,25,Equipment/Furnishings,Repairable,Essential,A330,Lumpy,1316.37,8,49,12041.0
PN-10051,116,0.3706070287539936,2.10692507797055,30,19,294,93.9297124600639,16.473684210526315,32.31996497606635,26,Fire Protection,Expendable,Routine,A321,Lumpy,179.05,1,23,2890.0
PN-10052,117,0.3738019169329074,1.5204431452945673,11,26,287,91.69329073482429,12.038461538461538,16.544639997302713,23,Communications,Repairable,Essential,A330,Lumpy,3454.93,6,7,10000.0
PN-10053,982,3.137380191693291,3.485819557349641,16,192,121,38.65814696485623,1.6302083333333333,1.234455684593294,77,Engine Indicating,Repairable,Essential,B777,Erratic,3090.31,8,48,14735.0
PN-10054,104,0.33226837060702874,2.498361058579889,39,18,295,94.24920127795528,17.38888888888889,56.53695320797298,33,Lights,Rotable,Deferrable,A330,Lumpy,15021.1,16,22,2164.0
PN-10055,1035,3.306709265175719,3.455094673154234,15,183,130,41.533546325878596,1.710382513661202,1.0917617620852247,38,Water/Waste,Expendable,Routine,A350,Intermittent,28.23,4,61,9322.0
PN-10056,242,0.7731629392971247,1.4816122635992668,8,85,228,72.84345047923323,3.6823529411764704,3.672206299835901,30,Ice and Rain Protection,Expendable,Deferrable,A321,Intermittent,25.54,2,62,2606.0
PN-10057,38,0.12140575079872204,0.4915522948339942,3,22,291,92.97124600638978,14.227272727272727,16.39309432488103,80,Starting,Rotable,Deferrable,B787,Intermittent,6507.62,8,37,3878.0
PN-10058,109,0.34824281150159747,2.0545770772824845,22,16,297,94.88817891373802,19.5625,34.80811908261198,33,Lights,Expendable,Essential,B777,Lumpy,12.42,4,9,3316.0
PN-10059,805,2.571884984025559,3.246611936103852,13,143,170,54.31309904153354,2.1888111888111887,1.593520578800082,21,Air Conditioning,Expendable,Routine,B787,Intermittent,1404.15,3,63,8737.0
PN-10060,172,0.549520766773163,1.5907207164692792,10,44,269,85.94249201277955,7.113636363636363,8.37952990875178,33,Lights,Rotable,AOG-Critical,A320,Smooth,17368.61,8,9,19950.0
PN-10061,136,0.43450479233226835,1.1049239274237963,6,54,259,82.74760383386581,5.796296296296297,6.4665943017478495,72,Engine - Turbine/Turboprop,Repairable,Routine,B737,Intermittent,1113.9,3,77,3033.0
PN-10062,80,0.25559105431309903,1.114520587481325,12,24,289,92.33226837060703,13.041666666666666,19.01449919871795,52,Doors,Repairable,Essential,B777,Lumpy,1805.09,4,7,9242.0
PN-10063,506,1.6166134185303513,3.850571723377016,22,61,252,80.5111821086262,5.131147540983607,5.673330393041682,32,Landing Gear,Expendable,Deferrable,A320,Lumpy,47.51,2,51,3944.0
PN-10064,3080,9.840255591054314,9.488862023370686,55,302,11,3.5143769968051117,1.0364238410596027,0.929855588134809,25,Equipment/Furnishings,Expendable,Routine,A320,Erratic,6.71,2,67,7811.0
PN-10065,69,0.22044728434504793,0.8581979057591157,6,23,290,92.65175718849841,13.608695652173912,15.155329897295863,77,Engine Indicating,Repairable,Routine,A321,Intermittent,7664.38,6,9,8372.0
PN-10066,380,1.2140575079872205,2.470763758023879,16,75,238,76.03833865814697,4.173333333333333,4.141750435045101,30,Ice and Rain Protection,Expendable,Routine,A320,Intermittent,89.18,2,47,3921.0
PN-10067,110,0.3514376996805112,0.9462169159530585,7,52,261,83.38658146964856,6.019230769230769,7.24911051070142,52,Doors,Repairable,Routine,A330,Intermittent,2705.71,4,8,3455.0
PN-10068,239,0.7635782747603834,2.5860230780175413,20,49,264,84.34504792332268,6.387755102040816,11.469848082276078,76,Engine Controls,Repairable,Deferrable,A330,Lumpy,461.43,6,46,2239.0
PN-10069,386,1.233226837060703,3.3579099311076392,25,79,234,74.76038338658148,3.962025316455696,7.413992657521006,72,Engine - Turbine/Turboprop,Repairable,Routine,A321,Lumpy,2993.23,2,49,4573.0
PN-10070,413,1.3194888178913737,6.4360889337777465,85,48,265,84.66453674121406,6.520833333333333,23.792092785670178,78,Exhaust,Expendable,Routine,A320,Lumpy,322.8,3,56,3675.0
PN-10071,100,0.3194888178913738,1.2558212123317989,10,26,287,91.69329073482429,12.038461538461538,15.450562820512829,76,Engine Controls,Repairable,Routine,A321,Intermittent,972.27,6,18,3182.0
PN-10072,163,0.5207667731629393,1.5086449769858865,9,49,264,84.34504792332268,6.387755102040816,8.392426927081976,52,Doors,Expendable,Deferrable,A330,Intermittent,74.3,2,19,1734.0
PN-10073,1726,5.514376996805112,12.206317367048518,124,157,156,49.84025559105431,1.9936305732484076,4.899778045100961,74,Ignition,Repairable,AOG-Critical,A321,Erratic,695.38,3,48,8498.0
PN-10074,113,0.3610223642172524,0.9544169801162047,7,51,262,83.70607028753993,6.137254901960785,6.988888353403975,33,Lights,Repairable,Routine,B737,Intermittent,1953.48,4,12,6692.0
PN-10075,292,0.9329073482428115,1.9228643283816191,10,77,236,75.39936102236422,4.064935064935065,4.248349695786478,32,Landing Gear,Rotable,Essential,A321,Intermittent,4752.66,10,60,8979.0
PN-10076,3229,10.31629392971246,10.342792439751944,67,298,15,4.792332268370607,1.0503355704697988,1.0051438127599257,26,Fire Protection,Expendable,Essential,A320,Erratic,33.92,1,66,12670.0
PN-10077,68,0.21725239616613418,0.976037969950096,8,19,294,93.9297124600639,16.473684210526315,20.183862345843327,76,Engine Controls,Expendable,AOG-Critical,A330,Intermittent,43.35,4,10,10968.0
PN-10078,774,2.472843450479233,3.240379829612153,13,137,176,56.23003194888179,2.2846715328467155,1.7171118843531858,80,Starting,Expendable,AOG-Critical,B787,Intermittent,306.06,3,79,13574.0
PN-10079,540,1.7252396166134185,4.998195381716297,45,65,248,79.2332268370607,4.815384615384615,8.393200797544935,52,Doors,Expendable,Essential,B787,Lumpy,210.64,1,24,5909.0
PN-10080,231,0.7380191693290735,1.5426807876070385,7,73,240,76.6773162939297,4.287671232876712,4.3693502264930855,35,Oxygen,Expendable,Routine,A320,Intermittent,66.89,2,10,4693.0
PN-10081,354,1.1309904153354633,1.7280022118442466,7,118,195,62.30031948881789,2.652542372881356,2.3343756215057563,30,Ice and Rain Protection,Repairable,Routine,A320,Intermittent,2912.68,2,67,7452.0
PN-10082,164,0.5239616613418531,1.523396895457497,10,45,268,85.62300319488818,6.955555555555556,8.453316144617828,38,Water/Waste,Rotable,Routine,A350,Lumpy,6824.74,16,79,9507.0
PN-10083,275,0.8785942492012779,1.4799802725964004,7,104,209,66.77316293929712,3.0096153846153846,2.837495232040688,32,Landing Gear,Repairable,Deferrable,B737,Smooth,8143.91,6,15,6567.0
PN-10084,3692,11.79552715654952,14.413192156308643,108,297,16,5.111821086261981,1.0538720538720538,1.4930888206240025,34,Navigation,Expendable,Deferrable,A320,Erratic,274.11,2,46,3747.0
PN-10085,312,0.9968051118210862,1.4198645713586302,7,139,174,55.59105431309904,2.2517985611510793,2.028959286864243,28,Fuel,Repairable,Routine,B777,Intermittent,2306.43,4,67,6022.0
PN-10086,858,2.741214057507987,1.6602810414881062,8,291,22,7.0287539936102235,1.0756013745704467,0.3668405340002974,77,Engine Indicating,Repairable,Essential,A330,Smooth,2303.11,4,71,10532.0
PN-10087,131,0.4185303514376997,1.2379839431377375,7,41,272,86.90095846645367,7.634146341463414,8.749356396958504,28,Fuel,Expendable,Essential,B777,Intermittent,9.06,3,31,12463.0
PN-10088,2716,8.677316293929712,6.190462304534962,37,296,17,5.431309904153355,1.0574324324324325,0.5089502249758203,26,Fire Protection,Expendable,Routine,B737,Erratic,241.79,2,78,4737.0
PN-10089,171,0.5463258785942492,1.3416148358682318,7,59,254,81.15015974440894,5.305084745762712,6.030483848196995,26,Fire Protection,Repairable,Essential,A321,Intermittent,728.39,4,12,4799.0
PN-10090,83,0.26517571884984026,1.0079657340143056,7,28,285,91.05431309904152,11.178571428571429,14.44854208306814,35,Oxygen,Repairable,Routine,A320,Intermittent,9958.32,4,24,3453.0
PN-10091,98,0.31309904153354634,0.9325253380927379,6,42,271,86.5814696485623,7.4523809523809526,8.870698240049542,30,Ice and Rain Protection,Repairable,Essential,A321,Intermittent,3032.12,4,17,4669.0
PN-10092,440,1.4057507987220448,3.496091979626306,32,79,234,74.76038338658148,3.962025316455696,6.185132708200895,49,Airborne Auxiliary Power,Expendable,AOG-Critical,B777,Lumpy,1304.07,4,76,14771.0
PN-10093,176,0.5623003194888179,1.7495742556935943,10,37,276,88.17891373801918,8.45945945945946,9.681175624801334,38,Water/Waste,Repairable,Routine,A321,Lumpy,3262.58,8,15,5607.0
PN-10094,129,0.41214057507987223,1.9429638556282705,16,19,294,93.9297124600639,16.473684210526315,22.224842796367952,34,Navigation,Rotable,Essential,A320,Lumpy,3035.3,6,19,7788.0
PN-10095,114,0.36421725239616615,1.177349306088705,8,38,275,87.8594249201278,8.236842105263158,10.44935867840993,29,Hydraulic Power,Expendable,Essential,B737,Intermittent,17.3,1,29,13362.0
PN-10096,130,0.41533546325878595,1.354013963512106,9,32,281,89.77635782747603,9.78125,10.627919511455017,26,Fire Protection,Repairable,Essential,B737,Intermittent,1394.66,2,28,9932.0
PN-10097,49,0.15654952076677317,0.5642361340855286,4,28,285,91.05431309904152,11.178571428571429,12.9902738175333,71,Power Plant,Repairable,Deferrable,A321,Intermittent,402.16,4,32,2489.0
PN-10098,158,0.5047923322683706,1.1660843026842693,6,65,248,79.2332268370607,4.815384615384615,5.33622827127474,38,Water/Waste,Rotable,Deferrable,A320,Intermittent,293030.44,4,55,2469.0
PN-10099,60,0.19169329073482427,0.8482606686851483,8,20,293,93.61022364217251,15.65,19.581449430199434,52,Doors,Repairable,Routine,A350,Intermittent,1918.35,6,23,2526.0
PN-10100,236,0.7539936102236422,1.9968384530680854,10,45,268,85.62300319488818,6.955555555555556,7.013754037485537,34,Navigation,Expendable,Routine,A330,Intermittent,980.02,1,12,8894.0
PN-10101,257,0.8210862619808307,1.7171652537134168,9,74,239,76.35782747603834,4.22972972972973,4.373676050919463,27,Flight Controls,Expendable,Essential,B777,Intermittent,87.63,3,59,4874.0
PN-10102,795,2.5399361022364215,2.4610756968544423,11,201,112,35.78274760383386,1.5572139303482586,0.9388676202560147,49,Airborne Auxiliary Power,Expendable,Essential,A330,Intermittent,93.54,2,71,13650.0
PN-10103,33,0.10543130990415335,0.6031986500751187,6,13,300,95.84664536741214,24.076923076923077,32.73267641449462,80,Starting,Rotable,AOG-Critical,A320,Lumpy,2457.7,12,20,10958.0
PN-10104,283,0.9041533546325878,1.6786027086032171,7,88,225,71.8849840255591,3.5568181818181817,3.4467647530583774,25,Equipment/Furnishings,Rotable,Essential,A321,Smooth,68581.89,12,23,9996.0
PN-10105,109,0.34824281150159747,1.011221547326146,7,46,267,85.3035143769968,6.804347826086956,8.431955567928968,80,Starting,Expendable,Deferrable,A350,Intermittent,285.68,3,71,5132.0
PN-10106,97,0.30990415335463256,1.1020658007784814,7,29,284,90.73482428115017,10.793103448275861,12.646206169216063,32,Landing Gear,Expendable,Essential,B737,Intermittent,51.91,4,28,4371.0
PN-10107,279,0.8913738019169329,1.9954328536149295,10,65,248,79.2332268370607,4.815384615384615,5.0113473421659345,76,Engine Controls,Expendable,Routine,A320,Intermittent,182.84,2,13,6333.0
PN-10108,342,1.0926517571884984,1.8066056668209391,8,106,207,66.13418530351439,2.952830188679245,2.7337777172726385,33,Lights,Repairable,Essential,A350,Intermittent,5448.12,6,46,9918.0
PN-10109,49,0.15654952076677317,0.8072767482970852,9,18,295,94.24920127795528,17.38888888888889,26.59141223208277,26,Fire Protection,Rotable,Essential,A321,Lumpy,53194.51,6,31,13800.0
PN-10110,324,1.035143769968051,1.7473546109233893,9,107,206,65.814696485623,2.925233644859813,2.8494481278260437,26,Fire Protection,Expendable,Essential,A350,Intermittent,533.4,2,66,9227.0
PN-10111,80,0.25559105431309903,1.12880796505473,10,22,291,92.97124600638978,14.227272727272727,19.505129206730775,22,Auto Flight,Rotable,Routine,A320,Intermittent,18188.88,6,25,8697.0
PN-10112,405,1.293929712460064,2.093150051016283,9,110,203,64.85623003194888,2.8454545454545452,2.616853161064409,31,Indicating/Recording Systems,Repairable,Routine,A320,Intermittent,14491.46,8,73,5870.0
PN-10113,687,2.194888178913738,2.5045547105929633,10,168,145,46.325878594249204,1.8630952380952381,1.302075739329033,78,Exhaust,Rotable,Essential,A330,Smooth,9269.97,8,77,12251.0
PN-10114,101,0.3226837060702875,1.2588264601162402,10,29,284,90.73482428115017,10.793103448275861,15.218703420227772,72,Engine - Turbine/Turboprop,Repairable,Essential,A321,Lumpy,702.97,2,48,14612.0
PN-10115,265,0.8466453674121406,2.085234243771366,11,64,249,79.55271565495208,4.890625,6.066058913200245,26,Fire Protection,Repairable,Essential,A320,Lumpy,18086.33,2,78,11287.0
PN-10116,112,0.35782747603833864,1.154594116001024,8,34,279,89.1373801916933,9.205882352941176,10.411452201072738,38,Water/Waste,Rotable,Routine,B777,Lumpy,26153.77,10,74,9845.0
PN-10117,112,0.35782747603833864,1.6945645786353867,18,25,288,92.01277955271566,12.52,22.42688096873366,49,Airborne Auxiliary Power,Repairable,Essential,B787,Lumpy,5328.26,2,14,10059.0
PN-10118,630,2.012779552715655,2.2842471139369493,11,169,144,46.00638977635783,1.8520710059171597,1.2879344083312327,38,Water/Waste,Rotable,Routine,B777,Smooth,3650.91,16,63,9554.0
PN-10119,57,0.18210862619808307,0.8177121937162694,5,19,294,93.9297124600639,16.473684210526315,20.162292539716372,49,Airborne Auxiliary Power,Expendable,AOG-Critical,A321,Intermittent,436.91,2,18,13944.0
PN-10120,81,0.25878594249201275,0.8660963458614597,6,32,281,89.77635782747603,9.78125,11.200851769781806,23,Communications,Repairable,Routine,B777,Intermittent,225.88,4,8,8326.0
PN-10121,422,1.3482428115015974,2.601184107549181,13,95,218,69.6485623003195,3.294736842105263,3.7222535864665427,77,Engine Indicating,Expendable,Routine,A321,Lumpy,13.12,2,46,9923.0
PN-10122,500,1.597444089456869,2.348811725810798,11,140,173,55.27156549520767,2.2357142857142858,2.1619471794871794,79,Oil,Expendable,Routine,B787,Lumpy,41.43,2,61,6646.0
PN-10123,311,0.9936102236421726,2.142359127139689,9,63,250,79.87220447284345,4.968253968253968,4.648923986756514,32,Landing Gear,Expendable,Routine,A321,Intermittent,745.47,3,53,2884.0
PN-10124,139,0.4440894568690096,1.473343882839314,10,35,278,88.81789137380191,8.942857142857143,11.006958351415168,34,Navigation,Repairable,Deferrable,B737,Intermittent,2864.29,2,19,3690.0
PN-10125,103,0.329073482428115,1.2647912457097623,10,28,285,91.05431309904152,11.178571428571429,14.77242955304036,76,Engine Controls,Rotable,Deferrable,B737,Intermittent,9900.32,10,43,7154.0
PN-10126,1169,3.7348242811501597,5.217386618420683,31,140,173,55.27156549520767,2.2357142857142858,1.9514871356188728,34,Navigation,Expendable,Deferrable,B787,Lumpy,71.97,3,58,5254.0
PN-10127,178,0.5686900958466453,1.461880115111799,7,50,263,84.02555910543131,6.26,6.608032769107764,33,Lights,Rotable,AOG-Critical,A321,Smooth,6055.39,16,10,17012.0
PN-10128,487,1.5559105431309903,4.451761235122108,31,74,239,76.35782747603834,4.22972972972973,8.186428621546616,73,Engine Fuel and Control,Expendable,Deferrable,B777,Lumpy,51.41,3,66,7974.0
PN-10129,50,0.1597444089456869,0.8282139795984449,7,13,300,95.84664536741214,24.076923076923077,26.880279487179475,23,Communications,Expendable,Essential,A320,Intermittent,15.48,2,18,13322.0
PN-10130,636,2.0319488817891376,4.8250416868074675,29,65,248,79.2332268370607,4.815384615384615,5.638668766906131,31,Indicating/Recording Systems,Expendable,Essential,A320,Lumpy,203.42,2,63,6377.0
PN-10131,248,0.792332268370607,1.6597628783416019,8,74,239,76.35782747603834,4.22972972972973,4.388109007710985,80,Starting,Repairable,Essential,B737,Intermittent,5343.36,2,64,4314.0
PN-10132,114,0.36421725239616615,1.127282916202911,8,42,271,86.5814696485623,7.4523809523809526,9.579543705755615,80,Starting,Rotable,Deferrable,A321,Intermittent,56769.45,8,44,4960.0
PN-10133,2785,8.89776357827476,8.034127614174963,41,294,19,6.070287539936102,1.064625850340136,0.8152967810553489,33,Lights,Expendable,Routine,B777,Erratic,150.61,1,52,7667.0
PN-10134,142,0.4536741214057508,1.4114666344371851,10,39,274,87.53993610223642,8.025641025641026,9.679506571752656,31,Indicating/Recording Systems,Rotable,Deferrable,A320,Intermittent,16878.96,16,35,6781.0
PN-10135,692,2.2108626198083066,2.862267271410773,13,144,169,53.99361022364217,2.173611111111111,1.676088149539381,30,Ice and Rain Protection,Expendable,Essential,B777,Smooth,70.95,2,16,3077.0
PN-10136,1011,3.230031948881789,3.1222103957591094,12,188,125,39.936102236421725,1.6648936170212767,0.9343523769665588,33,Lights,Expendable,Deferrable,A350,Intermittent,237.04,3,74,2983.0
PN-10137,185,0.5910543130990416,1.3345206477309073,6,58,255,81.46964856230032,5.396551724137931,5.097952838493382,27,Flight Controls,Repairable,Deferrable,A321,Intermittent,15728.89,8,26,7561.0
PN-10138,754,2.4089456869009584,2.6923770310208845,10,169,144,46.00638977635783,1.8520710059171597,1.2491590453850965,24,Electrical Power,Rotable,Essential,B737,Smooth,1522.41,10,54,14882.0
PN-10139,140,0.4472843450479233,2.4556190089192738,27,21,292,93.29073482428115,14.904761904761905,30.140786237571955,35,Oxygen,Expendable,Routine,A320,Lumpy,382.8,1,15,8572.0
PN-10140,129,0.41214057507987223,1.0619193221907095,6,55,258,82.42811501597444,5.6909090909090905,6.638841508230366,35,Oxygen,Repairable,Routine,B737,Intermittent,424.96,3,33,7549.0
PN-10141,2547,8.13738019169329,4.783482749751532,28,297,16,5.111821086261981,1.0538720538720538,0.3455566136930342,71,Power Plant,Expendable,Routine,A320,Erratic,3.33,3,60,5459.0
PN-10142,418,1.3354632587859425,3.0622684935142637,17,73,240,76.6773162939297,4.287671232876712,5.258024964207287,72,Engine - Turbine/Turboprop,Expendable,Deferrable,B787,Lumpy,5.64,2,42,2610.0
PN-10143,184,0.5878594249201278,1.3980685690498351,11,80,233,74.4408945686901,3.9125,5.656007456921625,23,Communications,Rotable,Routine,A321,Lumpy,6768.24,8,76,3274.0
PN-10144,441,1.4089456869009584,5.579166533217482,50,36,277,88.49840255591054,8.694444444444445,15.680147582803887,77,Engine Indicating,Expendable,Routine,B737,Lumpy,236.06,1,57,9295.0
PN-10145,1245,3.977635782747604,7.046740347193641,34,97,216,69.00958466453673,3.2268041237113403,3.1385316365865057,78,Exhaust,Expendable,Routine,A321,Erratic,660.98,1,13,3604.0
PN-10146,73,0.23322683706070288,0.7965760882713391,5,32,281,89.77635782747603,9.78125,11.665342273289342,77,Engine Indicating,Rotable,Routine,A321,Intermittent,19067.69,6,25,2580.0
PN-10147,181,0.5782747603833865,1.313553933831907,6,63,250,79.87220447284345,4.968253968253968,5.15973436990042,49,Airborne Auxiliary Power,Repairable,Routine,A320,Intermittent,1735.66,6,45,2317.0
PN-10148,326,1.0415335463258786,2.17978773365089,16,79,234,74.76038338658148,3.962025316455696,4.380078395295848,73,Engine Fuel and Control,Expendable,AOG-Critical,A320,Intermittent,88.14,1,37,13395.0
PN-10149,284,0.9073482428115016,1.7761896510269317,8,83,230,73.48242811501598,3.7710843373493974,3.832045575638739,49,Airborne Auxiliary Power,Repairable,Routine,A320,Intermittent,1232.52,2,30,5175.0
PN-10150,379,1.2108626198083068,2.9634975152229948,25,78,235,75.07987220447284,4.012820512820513,5.989897490163782,22,Auto Flight,Expendable,Essential,B737,Lumpy,104.86,4,65,11478.0
PN-10151,613,1.9584664536741214,2.384821167230851,10,154,159,50.798722044728436,2.0324675324675323,1.4827890204777334,26,Fire Protection,Repairable,Routine,A350,Intermittent,1374.67,8,76,7713.0
PN-10152,80,0.25559105431309903,1.0183456853109913,9,27,286,91.3738019169329,11.592592592592593,15.874467147435894,71,Power Plant,Repairable,Deferrable,A320,Lumpy,6750.65,4,7,1285.0
PN-10153,1591,5.083067092651757,5.560229731347073,41,236,77,24.600638977635782,1.326271186440678,1.1965580891296765,80,Starting,Expendable,AOG-Critical,A320,Erratic,121.07,1,49,14236.0
PN-10154,124,0.3961661341853035,1.5136932666971545,11,28,285,91.05431309904152,11.178571428571429,14.59893123482484,52,Doors,Expendable,Essential,A320,Lumpy,86.79,2,22,10839.0
PN-10155,3096,9.891373801916933,10.654285689586946,56,303,10,3.1948881789137378,1.033003300330033,1.160206908275497,25,Equipment/Furnishings,Expendable,Deferrable,A350,Erratic,2238.15,3,58,1215.0
PN-10156,152,0.48562300319488816,1.288739823151612,7,48,265,84.66453674121406,6.520833333333333,7.042583368847215,21,Air Conditioning,Expendable,Essential,B787,Intermittent,160.02,3,24,9058.0
PN-10157,385,1.2300319488817892,2.0827725140134357,10,111,202,64.5367412140575,2.81981981981982,2.8671531498804246,49,Airborne Auxiliary Power,Expendable,Routine,A321,Lumpy,422.85,2,70,6782.0
PN-10158,5,0.01597444089456869,0.14892916699067293,2,4,309,98.7220447284345,78.25,86.91769230769225,24,Electrical Power,Repairable,Essential,A330,Lumpy,3080.54,4,19,5830.0
PN-10159,1861,5.945686900958466,3.2807112450579465,18,302,11,3.5143769968051117,1.0364238410596027,0.30446119194368354,78,Exhaust,Expendable,Deferrable,A320,Erratic,13.73,4,41,6981.0
PN-10160,43,0.13738019169329074,0.6482042545617965,5,19,294,93.9297124600639,16.473684210526315,22.262581298276263,33,Lights,Repairable,AOG-Critical,A321,Intermittent,11066.66,2,21,10866.0
PN-10161,65,0.20766773162939298,0.8036407489335273,7,27,286,91.3738019169329,11.592592592592593,14.97565619784555,77,Engine Indicating,Repairable,Deferrable,A320,Intermittent,4379.66,4,40,7789.0
PN-10162,61,0.19488817891373802,0.9626216557919103,9,16,297,94.88817891373802,19.5625,24.39721538874996,35,Oxygen,Rotable,Deferrable,A321,Intermittent,138862.73,6,9,2741.0
PN-10163,294,0.939297124600639,1.9046557712476115,10,75,238,76.03833865814697,4.173333333333333,4.111752908035708,31,Indicating/Recording Systems,Expendable,Essential,A321,Intermittent,37.15,2,51,10966.0
PN-10164,302,0.9648562300319489,3.1381714311342246,28,43,270,86.26198083067092,7.27906976744186,10.578598104671528,25,Equipment/Furnishings,Expendable,Routine,A321,Lumpy,968.75,1,6,2984.0
PN-10165,394,1.2587859424920127,2.3149724057294794,10,90,223,71.24600638977637,3.477777777777778,3.38211109173064,25,Equipment/Furnishings,Expendable,AOG-Critical,A320,Intermittent,2868.91,4,73,6550.0
PN-10166,166,0.5303514376996805,1.865649042680498,16,39,274,87.53993610223642,8.025641025641026,12.374635008988694,52,Doors,Rotable,AOG-Critical,B787,Lumpy,40118.51,8,47,12333.0
PN-10167,314,1.0031948881789137,2.5664232350709906,20,68,245,78.27476038338658,4.602941176470588,6.544642615657163,32,Landing Gear,Repairable,AOG-Critical,A320,Erratic,2556.74,8,12,19549.0
PN-10168,603,1.926517571884984,4.899407965330906,42,104,209,66.77316293929712,3.0096153846153846,6.467571798559892,21,Air Conditioning,Expendable,Essential,A320,Lumpy,301.2,4,47,11199.0
PN-10169,118,0.3769968051118211,1.608784356512392,20,32,281,89.77635782747603,9.78125,18.210435403914296,49,Airborne Auxiliary Power,Rotable,Deferrable,B777,Lumpy,3094.04,6,50,7431.0
PN-10170,91,0.29073482428115016,1.1216733307281204,9,27,286,91.3738019169329,11.592592592592593,14.884651766942545,21,Air Conditioning,Rotable,Routine,A321,Intermittent,19209.54,16,74,4545.0
PN-10171,440,1.4057507987220448,1.8600641432990581,9,149,164,52.39616613418531,2.1006711409395975,1.7508105861941086,21,Air Conditioning,Repairable,Deferrable,B737,Intermittent,850.41,6,72,5554.0
PN-10172,154,0.49201277955271566,1.6351801750768524,14,46,267,85.3035143769968,6.804347826086956,11.045323994187635,26,Fire Protection,Repairable,Routine,B737,Lumpy,1342.7,6,58,7193.0
PN-10173,102,0.3258785942492013,1.0633166294402487,7,34,279,89.1373801916933,9.205882352941176,10.646663881741734,72,Engine - Turbine/Turboprop,Repairable,Essential,A321,Intermittent,7156.0,3,37,5851.0
PN-10174,893,2.853035143769968,6.2098039774105205,55,110,203,64.85623003194888,2.8454545454545452,4.73741618747036,38,Water/Waste,Repairable,AOG-Critical,A330,Erratic,6432.88,4,30,19272.0
PN-10175,127,0.4057507987220447,1.194900554496305,7,39,274,87.53993610223642,8.025641025641026,8.672508986043608,22,Auto Flight,Repairable,AOG-Critical,A321,Intermittent,3632.72,3,41,8691.0
PN-10176,548,1.7507987220447285,4.39133846642058,26,65,248,79.2332268370607,4.815384615384615,6.2910245822694595,24,Electrical Power,Expendable,Routine,B737,Lumpy,281.01,1,79,5041.0
PN-10177,528,1.6869009584664536,2.12533277479572,8,149,164,52.39616613418531,2.1006711409395975,1.5873573567110502,24,Electrical Power,Expendable,Essential,A320,Intermittent,137.25,1,56,11041.0
PN-10178,163,0.5207667731629393,2.0522931326889395,15,35,278,88.81789137380191,8.942857142857143,15.530743608079973,35,Oxygen,Repairable,Routine,A320,Lumpy,2480.46,6,79,2986.0
PN-10179,608,1.9424920127795526,3.217024453446168,17,136,177,56.54952076677316,2.301470588235294,2.7427753692611785,32,Landing Gear,Rotable,Routine,B737,Erratic,12336.67,10,46,9342.0
PN-10180,548,1.7507987220447285,2.50036042294181,13,127,186,59.424920127795524,2.4645669291338583,2.039542643796167,71,Power Plant,Repairable,Deferrable,A330,Smooth,2898.54,4,25,7189.0
PN-10181,243,0.7763578274760383,1.8172473618396627,9,59,254,81.15015974440894,5.305084745762712,5.479036858133033,29,Hydraulic Power,Expendable,Routine,A320,Intermittent,110.92,4,28,4827.0
PN-10182,887,2.8338658146964857,7.962524608979444,84,114,199,63.578274760383394,2.745614035087719,7.894834141686455,78,Exhaust,Repairable,Essential,B737,Lumpy,5058.57,6,78,8421.0
PN-10183,70,0.22364217252396165,0.8885760863835471,8,28,285,91.05431309904152,11.178571428571429,15.786354003139719,49,Airborne Auxiliary Power,Rotable,Essential,B777,Intermittent,26469.61,8,26,3284.0
PN-10184,237,0.7571884984025559,1.4779862489803415,7,87,226,72.20447284345049,3.5977011494252875,3.8100683788073604,35,Oxygen,Rotable,Essential,A350,Intermittent,6929.1,6,68,4637.0
PN-10185,92,0.2939297124600639,1.468645008744623,17,18,295,94.24920127795528,17.38888888888889,24.965869019921477,72,Engine - Turbine/Turboprop,Expendable,Essential,A321,Lumpy,115.05,1,28,4541.0
PN-10186,262,0.8370607028753994,1.9682496583150209,12,83,230,73.48242811501598,3.7710843373493974,5.528998369887596,52,Doors,Expendable,Essential,B777,Lumpy,303.17,2,77,6880.0
PN-10187,296,0.9456869009584664,3.128690988111591,32,58,255,81.46964856230032,5.396551724137931,10.94537373749789,79,Oil,Repairable,Routine,A321,Lumpy,487.86,4,48,3870.0
PN-10188,1707,5.453674121405751,4.698464791127286,27,280,33,10.543130990415335,1.1178571428571429,0.7422215955068895,72,Engine - Turbine/Turboprop,Repairable,Routine,B737,Erratic,465.33,2,48,7295.0
PN-10189,484,1.5463258785942493,2.4544427763100765,9,103,210,67.0926517571885,3.0388349514563107,2.519438573885418,38,Water/Waste,Expendable,Essential,A321,Intermittent,67.79,1,73,5104.0
PN-10190,62,0.19808306709265175,0.6927251319696417,5,30,283,90.41533546325878,10.433333333333334,12.230020478134419,35,Oxygen,Rotable,Routine,A320,Intermittent,5526.8,10,7,9417.0
PN-10191,326,1.0415335463258786,3.17161896694215,20,43,270,86.26198083067092,7.27906976744186,9.272898107105735,33,Lights,Rotable,Deferrable,A320,Lumpy,58883.24,12,69,6894.0
PN-10192,56,0.17891373801916932,1.3587098314197028,22,16,297,94.88817891373802,19.5625,57.67213868720559,72,Engine - Turbine/Turboprop,Rotable,Essential,B737,Lumpy,16099.01,6,18,4412.0
PN-10193,183,0.5846645367412141,1.4892847941213754,8,55,258,82.42811501597444,5.6909090909090905,6.488465596433885,74,Ignition,Repairable,Essential,A320,Lumpy,21284.49,4,79,12903.0
PN-10194,143,0.45686900958466453,2.0752415148521886,19,30,283,90.41533546325878,10.433333333333334,20.632596917158526,74,Ignition,Expendable,Deferrable,A320,Lumpy,1135.17,2,16,7514.0
PN-10195,293,0.9361022364217252,1.4596298757320625,8,121,192,61.34185303514377,2.5867768595041323,2.4313020834733363,30,Ice and Rain Protection,Repairable,Routine,A350,Intermittent,12004.49,6,71,8320.0
PN-10196,1386,4.4281150159744405,3.2367246561222096,20,298,15,4.792332268370607,1.0503355704697988,0.5342859167714866,71,Power Plant,Expendable,Essential,A320,Erratic,262.02,2,58,6765.0
PN-10197,45,0.14376996805111822,0.6005615733011567,4,20,293,93.61022364217251,15.65,17.449328901551127,34,Navigation,Rotable,Deferrable,B737,Intermittent,15433.11,16,10,2025.0
PN-10198,459,1.4664536741214058,3.1662775217599237,17,71,242,77.31629392971246,4.408450704225352,4.661881816950381,72,Engine - Turbine/Turboprop,Rotable,Routine,A330,Erratic,17858.59,16,24,5516.0
PN-10199,150,0.4792332268370607,1.3157271266159076,8,47,266,84.98402555910543,6.659574468085107,7.537682051282056,80,Starting,Expendable,AOG-Critical,A320,Intermittent,21.03,2,35,5920.0
PN-10200,82,0.26198083067092653,1.0808910911435112,8,22,291,92.97124600638978,14.227272727272727,17.022558878262323,52,Doors,Rotable,Essential,A321,Lumpy,2219.3,8,13,4707.0
PN-10201,149,0.476038338658147,1.5254993797113763,9,35,278,88.81789137380191,8.942857142857143,10.269285051839883,29,Hydraulic Power,Expendable,Essential,A320,Intermittent,338.04,2,8,14960.0
PN-10202,147,0.4696485623003195,1.3492182700357442,8,43,270,86.26198083067092,7.27906976744186,8.253125181696609,38,Water/Waste,Rotable,Essential,A320,Intermittent,23499.23,12,67,8397.0
PN-10203,377,1.2044728434504792,3.2889255405983118,29,63,250,79.87220447284345,4.968253968253968,7.456140061276941,23,Communications,Repairable,Essential,B737,Lumpy,3752.26,6,59,7994.0
PN-10204,172,0.549520766773163,1.5519656974333116,8,42,271,86.5814696485623,7.4523809523809526,7.976199669606573,79,Oil,Repairable,Routine,A330,Intermittent,2857.03,3,57,8412.0
PN-10205,88,0.28115015974440893,1.1564462389846895,11,22,291,92.97124600638978,14.227272727272727,16.9189819413541,33,Lights,Rotable,Essential,A320,Intermittent,3189.7,8,59,4791.0
PN-10206,840,2.68370607028754,5.83636008497878,37,86,227,72.52396166134186,3.63953488372093,4.72948944160997,24,Electrical Power,Expendable,Essential,A350,Lumpy,410.7,2,46,13705.0
PN-10207,205,0.6549520766773163,2.89270458592196,27,28,285,91.05431309904152,11.178571428571429,19.50693878796198,29,Hydraulic Power,Rotable,Routine,B787,Lumpy,19638.81,4,14,9443.0
PN-10208,373,1.1916932907348243,2.2634911786628047,10,83,230,73.48242811501598,3.7710843373493974,3.60768511090335,80,Starting,Expendable,Deferrable,A321,Intermittent,9.35,3,49,2051.0
PN-10209,931,2.97444089456869,1.8465105059486349,8,292,21,6.7092651757188495,1.071917808219178,0.38538328919760473,32,Landing Gear,Repairable,Routine,A320,Smooth,1372.34,6,55,2570.0
PN-10210,22,0.07028753993610223,0.42537191163690363,4,11,302,96.48562300319489,28.454545454545453,36.62527813095994,76,Engine Controls,Rotable,Routine,A321,Intermittent,3670.22,8,12,4120.0
PN-10211,77,0.24600638977635783,1.0712703757258282,10,23,290,92.65175718849841,13.608695652173912,18.962928846045717,26,Fire Protection,Rotable,Routine,B777,Lumpy,1580.73,6,77,5056.0
PN-10212,195,0.6230031948881789,1.4801186467047476,8,58,255,81.46964856230032,5.396551724137931,5.6443314958107855,49,Airborne Auxiliary Power,Rotable,Essential,A320,Smooth,12931.35,12,14,12585.0
PN-10213,72,0.23003194888178913,1.3414469078827933,13,13,300,95.84664536741214,24.076923076923077,34.00718309789495,32,Landing Gear,Repairable,AOG-Critical,A321,Lumpy,3210.91,4,36,14847.0
PN-10214,187,0.597444089456869,1.64986203315141,14,49,264,84.34504792332268,6.387755102040816,7.626068803797647,31,Indicating/Recording Systems,Rotable,AOG-Critical,A330,Smooth,37505.58,8,26,9107.0
PN-10215,133,0.4249201277955272,1.0955703686676392,6,53,260,83.06709265175719,5.90566037735849,6.647616365958267,71,Power Plant,Rotable,Essential,B777,Intermittent,1037.52,6,36,6803.0
PN-10216,56,0.17891373801916932,1.0651544228223895,11,16,297,94.88817891373802,19.5625,35.443595467032964,27,Flight Controls,Expendable,Deferrable,A320,Lumpy,555.9,3,11,2264.0
PN-10217,95,0.3035143769968051,1.0980258132172287,10,31,282,90.09584664536742,10.096774193548388,13.087797428794648,31,Indicating/Recording Systems,Repairable,Routine,A320,Intermittent,1571.77,6,6,3054.0
PN-10218,924,2.952076677316294,4.892524763167205,40,160,153,48.881789137380196,1.95625,2.746697281194035,35,Oxygen,Rotable,Deferrable,A321,Erratic,4152.64,12,60,5284.0
PN-10219,100,0.3194888178913738,0.9337872949522837,5,41,272,86.90095846645367,7.634146341463414,8.54249230769231,73,Engine Fuel and Control,Repairable,Routine,B777,Intermittent,307.17,6,12,5692.0
PN-10220,239,0.7635782747603834,2.035348511967306,11,48,265,84.66453674121406,6.520833333333333,7.105104032420604,36,Pneumatic,Expendable,Routine,B777,Intermittent,130.0,3,14,7939.0
PN-10221,1208,3.8594249201277955,8.480712411204404,51,110,203,64.85623003194888,2.8454545454545452,4.828580529074575,34,Navigation,Expendable,Essential,A321,Lumpy,66.94,2,62,3424.0
PN-10222,163,0.5207667731629393,1.1437049220126791,5,67,246,78.59424920127796,4.6716417910447765,4.823268586582976,38,Water/Waste,Rotable,Routine,B737,Intermittent,28597.92,8,62,4946.0
PN-10223,213,0.6805111821086262,1.7632748507801579,9,49,264,84.34504792332268,6.387755102040816,6.713816929101591,24,Electrical Power,Expendable,Deferrable,A330,Intermittent,183.63,2,25,1203.0
PN-10224,134,0.4281150159744409,1.0899197039635076,6,56,257,82.10862619808307,5.589285714285714,6.481388979328384,34,Navigation,Repairable,Routine,A320,Intermittent,16551.82,2,62,6492.0
PN-10225,68,0.21725239616613418,0.786966826143879,5,27,286,91.3738019169329,11.592592592592593,13.121506521160493,24,Electrical Power,Rotable,Routine,A330,Intermittent,9365.42,4,23,5986.0
PN-10226,157,0.5015974440894568,1.7543436946527335,13,35,278,88.81789137380191,8.942857142857143,12.232598763563505,34,Navigation,Rotable,Routine,B737,Lumpy,25950.01,8,49,3180.0
PN-10227,1954,6.242811501597444,3.1468066464471085,16,291,22,7.0287539936102235,1.0756013745704467,0.25408537842170026,74,Ignition,Expendable,Essential,A321,Smooth,42.92,3,51,14980.0
PN-10228,234,0.7476038338658147,1.8802794927229527,9,56,257,82.10862619808307,5.589285714285714,6.32560077715403,80,Starting,Repairable,Essential,A350,Intermittent,3118.54,8,79,11880.0
PN-10229,374,1.194888178913738,2.043683060603956,11,100,213,68.05111821086261,3.13,2.9253144818377566,78,Exhaust,Repairable,Essential,A321,Intermittent,703.86,2,74,9217.0
PN-10230,882,2.817891373801917,5.412065049825911,38,122,191,61.0223642172524,2.5655737704918034,3.6887355451900303,33,Lights,Expendable,AOG-Critical,B737,Erratic,31.91,2,25,11873.0
PN-10231,601,1.9201277955271565,4.8155075333892645,31,71,242,77.31629392971246,4.408450704225352,6.289612133708629,25,Equipment/Furnishings,Expendable,Routine,A320,Lumpy,3.2,4,28,7836.0
PN-10232,82,0.26198083067092653,1.0808910911435112,7,22,291,92.97124600638978,14.227272727272727,17.022558878262323,26,Fire Protection,Rotable,Essential,A320,Intermittent,12525.31,4,28,3685.0
PN-10233,2286,7.303514376996805,5.686851156053476,31,299,14,4.472843450479233,1.0468227424749164,0.6062893588671003,73,Engine Fuel and Control,Repairable,Essential,B777,Erratic,4076.35,3,58,8147.0
PN-10234,840,2.68370607028754,3.832923710398978,19,125,188,60.063897763578275,2.504,2.0398134611750667,77,Engine Indicating,Expendable,AOG-Critical,A321,Smooth,104.84,2,11,6296.0
PN-10235,74,0.2364217252396166,0.797642343884319,5,35,278,88.81789137380191,8.942857142857143,11.382604277874545,35,Oxygen,Rotable,Routine,B787,Intermittent,3438.42,16,46,8623.0
PN-10236,117,0.3738019169329074,1.0550020897397732,6,47,266,84.98402555910543,6.659574468085107,7.965693491498883,76,Engine Controls,Repairable,Routine,B787,Intermittent,595.62,4,23,4470.0
PN-10237,3816,12.191693290734824,11.585592622669262,63,297,16,5.111821086261981,1.0538720538720538,0.9030430409666854,72,Engine - Turbine/Turboprop,Expendable,Essential,A320,Erratic,210.73,1,75,11205.0
PN-10238,459,1.4664536741214058,3.069649693733482,27,111,202,64.5367412140575,2.81981981981982,4.381682830975836,21,Air Conditioning,Repairable,AOG-Critical,B777,Lumpy,2156.93,4,74,8392.0
PN-10239,83,0.26517571884984026,0.918105657247615,7,32,281,89.77635782747603,9.78125,11.9872018193255,22,Auto Flight,Repairable,Essential,B787,Lumpy,1252.59,4,20,7941.0
PN-10240,192,0.6134185303514377,1.7922765588417087,14,54,259,82.74760383386581,5.796296296296297,8.5368228053775,27,Flight Controls,Repairable,AOG-Critical,A330,Lumpy,946.49,6,68,10097.0
PN-10241,25,0.07987220447284345,0.5280685503534254,6,9,304,97.12460063897763,34.77777777777778,43.71085128205126,72,Engine - Turbine/Turboprop,Rotable,Essential,B737,Intermittent,12448.33,6,18,5866.0
PN-10242,73,0.23322683706070288,0.8242604317067896,7,29,284,90.73482428115017,10.793103448275861,12.490270941293637,29,Hydraulic Power,Repairable,Routine,A330,Intermittent,1382.34,3,46,5983.0
PN-10243,356,1.1373801916932906,1.9157684504219228,11,105,208,66.45367412140575,2.980952380952381,2.837100451493759,26,Fire Protection,Repairable,Routine,A321,Smooth,900.6,4,15,3630.0
PN-10244,143,0.45686900958466453,1.0885001025131469,6,57,256,81.78913738019169,5.491228070175438,5.676407284664411,30,Ice and Rain Protection,Rotable,Essential,B737,Intermittent,47079.13,6,46,8371.0
PN-10245,552,1.7635782747603834,5.052450786478074,49,84,229,73.1629392971246,3.7261904761904763,8.2075720438566,26,Fire Protection,Expendable,Essential,B737,Lumpy,11.35,1,44,9085.0
PN-10246,61,0.19488817891373802,0.7141244888203252,4,27,286,91.3738019169329,11.592592592592593,13.426934102357368,80,Starting,Rotable,Essential,B777,Intermittent,10515.08,10,23,13589.0
PN-10247,191,0.610223642172524,1.4371973308396417,6,56,257,82.10862619808307,5.589285714285714,5.5469563011022975,32,Landing Gear,Expendable,Essential,B787,Intermittent,15.72,1,34,10616.0
PN-10248,2465,7.875399361022364,12.79073941035926,92,179,134,42.81150159744409,1.7486033519553073,2.6378259105924724,24,Electrical Power,Expendable,Deferrable,A350,Erratic,36.41,1,24,7232.0
PN-10249,491,1.5686900958466454,4.138922953444413,40,98,215,68.69009584664538,3.193877551020408,6.961460686848625,25,Equipment/Furnishings,Expendable,Essential,A320,Lumpy,136.4,1,64,6772.0
PN-10250,334,1.0670926517571886,2.328468638337538,13,65,248,79.2332268370607,4.815384615384615,4.761420388150457,31,Indicating/Recording Systems,Expendable,Routine,A321,Intermittent,110.09,2,25,2904.0
PN-10251,78,0.24920127795527156,0.8254025830471612,4,30,283,90.41533546325878,10.433333333333334,10.970618604494348,78,Exhaust,Rotable,Essential,A320,Intermittent,15295.98,8,62,10365.0
PN-10252,142,0.4536741214057508,1.5123193627674114,9,31,282,90.09584664536742,10.096774193548388,11.112173446965652,74,Ignition,Expendable,Essential,B737,Intermittent,95.29,1,20,4276.0
PN-10253,952,3.0415335463258786,6.293683255673838,48,137,176,56.23003194888179,2.2846715328467155,4.281781908181825,23,Communications,Expendable,AOG-Critical,A320,Lumpy,110.31,1,76,6090.0
PN-10254,1370,4.376996805111821,2.7218927102793393,16,289,24,7.667731629392971,1.0830449826989619,0.3867136891027347,23,Communications,Expendable,Routine,A321,Erratic,194.58,3,43,8459.0
PN-10255,423,1.351437699680511,2.6332086872288065,11,79,234,74.76038338658148,3.962025316455696,3.796457117856947,80,Starting,Expendable,Essential,B777,Intermittent,117.85,2,50,8524.0
PN-10256,27,0.08626198083067092,0.6371785929793875,7,7,306,97.76357827476039,44.714285714285715,54.56114804262953,24,Electrical Power,Repairable,AOG-Critical,A321,Lumpy,1239.36,4,18,18771.0
PN-10257,178,0.5686900958466453,2.1188812079782546,19,28,285,91.05431309904152,11.178571428571429,13.882314822008357,74,Ignition,Rotable,Routine,B787,Lumpy,13099.4,10,32,2144.0
PN-10258,152,0.48562300319488816,1.1904875422225574,8,60,253,80.83067092651757,5.216666666666667,6.009678088820227,27,Flight Controls,Expendable,Routine,A350,Intermittent,28.09,1,57,6326.0
PN-10259,306,0.9776357827476039,1.668758415401073,8,99,214,68.370607028754,3.1616161616161618,2.9136189948858138,28,Fuel,Repairable,AOG-Critical,A330,Intermittent,14636.66,6,57,9459.0
PN-10260,493,1.5750798722044728,2.493893582720264,18,127,186,59.424920127795524,2.4645669291338583,2.506978860757316,79,Oil,Expendable,Routine,A320,Lumpy,52.69,2,59,6251.0
PN-10261,159,0.5079872204472844,1.903295077932561,16,27,286,91.3738019169329,11.592592592592593,14.03804646034977,38,Water/Waste,Repairable,Essential,A320,Lumpy,4001.34,4,25,3764.0
PN-10262,189,0.6038338658146964,1.5739011219075159,9,53,260,83.06709265175719,5.90566037735849,6.793912616223018,71,Power Plant,Rotable,Routine,B737,Intermittent,3482.46,8,56,5547.0
PN-10263,214,0.6837060702875399,1.8943970194166193,10,43,270,86.26198083067092,7.27906976744186,7.677204900887097,28,Fuel,Expendable,Essential,B737,Intermittent,76.33,3,32,5810.0
PN-10264,129,0.41214057507987223,1.283317348153895,7,36,277,88.49840255591054,8.694444444444445,9.695660162804566,32,Landing Gear,Repairable,Routine,B787,Intermittent,1888.62,4,10,9132.0
PN-10265,1723,5.50479233226837,3.1876377856100127,16,295,18,5.7507987220447285,1.0610169491525423,0.33531737111947685,49,Airborne Auxiliary Power,Repairable,Routine,A320,Erratic,9848.27,3,69,5604.0
PN-10266,149,0.476038338658147,1.2116823009871174,7,52,261,83.38658146964856,6.019230769230769,6.478786471849843,33,Lights,Repairable,Essential,A350,Intermittent,1963.41,2,50,3594.0
PN-10267,433,1.3833865814696487,3.6391715078486357,22,58,255,81.46964856230032,5.396551724137931,6.920188582687447,28,Fuel,Rotable,AOG-Critical,A321,Lumpy,2323.75,10,66,10952.0
PN-10268,432,1.3801916932907348,2.6212624114732535,12,82,231,73.80191693290735,3.817073170731707,3.606967100721925,73,Engine Fuel and Control,Expendable,Essential,A320,Intermittent,55.78,2,45,3356.0
PN-10269,296,0.9456869009584664,2.2885421664912875,16,80,233,74.4408945686901,3.9125,5.856296956064694,31,Indicating/Recording Systems,Rotable,Routine,B777,Erratic,5139.8,8,23,5288.0
PN-10270,536,1.7124600638977636,2.8689995384742364,14,98,215,68.69009584664538,3.193877551020408,2.806855482025864,28,Fuel,Expendable,Essential,A350,Intermittent,252.6,1,34,6091.0
PN-10271,108,0.3450479233226837,1.0233410970449304,6,39,274,87.53993610223642,8.025641025641026,8.795934675178497,74,Ignition,Rotable,Deferrable,A320,Intermittent,22105.87,12,40,3583.0
PN-10272,95,0.3035143769968051,1.0684372337151082,8,29,284,90.73482428115017,10.793103448275861,12.391945450671205,52,Doors,Repairable,Routine,B777,Intermittent,5622.21,4,33,7429.0
PN-10273,2345,7.492012779552716,8.24936478361634,46,216,97,30.990415335463258,1.4490740740740742,1.2123946121451126,22,Auto Flight,Expendable,Routine,A330,Erratic,26.61,1,43,8990.0
PN-10274,451,1.4408945686900958,2.662149549297142,11,86,227,72.52396166134186,3.63953488372093,3.4135045726901256,71,Power Plant,Expendable,Routine,A330,Lumpy,144.81,2,59,6618.0
PN-10275,627,2.0031948881789137,2.8016689194715276,11,126,187,59.7444089456869,2.484126984126984,1.956082726417654,78,Exhaust,Expendable,Deferrable,A320,Intermittent,1558.38,3,42,6919.0
PN-10276,445,1.4217252396166133,2.5547418633527985,14,92,221,70.6070287539936,3.402173913043478,3.228960277613225,73,Engine Fuel and Control,Expendable,Essential,A320,Intermittent,133.43,1,36,12869.0
PN-10277,126,0.402555910543131,1.707147451376769,16,29,284,90.73482428115017,10.793103448275861,17.98413909723434,80,Starting,Repairable,Routine,A320,Lumpy,5172.93,2,61,2219.0
PN-10278,315,1.0063897763578276,2.331492328057842,11,62,251,80.19169329073482,5.048387096774194,5.36704885942981,80,Starting,Expendable,Essential,A320,Intermittent,21.19,1,64,7547.0
PN-10279,219,0.6996805111821086,1.5707359536412469,7,66,247,78.91373801916933,4.742424242424242,5.039724717572347,23,Communications,Repairable,AOG-Critical,A321,Intermittent,1175.96,4,73,12966.0
PN-10280,81,0.25878594249201275,0.7763291717297993,4,39,274,87.53993610223642,8.025641025641026,8.999335623478286,36,Pneumatic,Rotable,Deferrable,A321,Intermittent,12642.71,4,63,4723.0
PN-10281,224,0.7156549520766773,1.5334865698947329,7,68,245,78.27476038338658,4.602941176470588,4.591478891736983,33,Lights,Repairable,AOG-Critical,A320,Intermittent,574.41,3,54,9698.0
PN-10282,61,0.19488817891373802,0.7185986654198205,5,27,286,91.3738019169329,11.592592592592593,13.595707660609564,35,Oxygen,Repairable,AOG-Critical,B737,Intermittent,1124.65,4,22,17401.0
PN-10283,208,0.6645367412140575,1.471716638769724,7,63,250,79.87220447284345,4.968253968253968,4.904676920943333,38,Water/Waste,Rotable,Routine,A320,Smooth,859.15,16,26,6331.0
PN-10284,2246,7.175718849840256,4.676501357461822,28,293,20,6.3897763578274756,1.068259385665529,0.42472839914239646,25,Equipment/Furnishings,Repairable,Routine,A320,Erratic,1172.32,6,55,3417.0
PN-10285,266,0.8498402555910544,1.3539383342166935,6,114,199,63.578274760383394,2.745614035087719,2.538184403315985,72,Engine - Turbine/Turboprop,Repairable,Essential,B787,Intermittent,5013.68,3,67,4670.0
PN-10286,48,0.15335463258785942,1.0294368911862453,12,13,300,95.84664536741214,24.076923076923077,45.061501179665264,23,Communications,Rotable,Deferrable,A320,Lumpy,4525.56,8,28,5345.0
PN-10287,323,1.0319488817891374,3.0737101272072658,21,51,262,83.70607028753993,6.137254901960785,8.871753090752605,25,Equipment/Furnishings,Expendable,AOG-Critical,B737,Lumpy,441.85,4,68,13895.0
PN-10288,1334,4.261980830670926,4.929801307915845,19,170,143,45.68690095846645,1.8411764705882352,1.3379375644895801,22,Auto Flight,Expendable,Routine,B777,Erratic,52.32,3,24,5734.0
PN-10289,549,1.7539936102236422,4.272023445683773,25,74,239,76.35782747603834,4.22972972972973,5.932137941454433,78,Exhaust,Expendable,AOG-Critical,A321,Lumpy,137.03,2,74,13831.0
PN-10290,96,0.30670926517571884,0.9448848636669751,6,37,276,88.17891373801918,8.45945945945946,9.490825598735753,78,Exhaust,Repairable,Routine,A330,Intermittent,3797.44,3,55,9156.0
PN-10291,141,0.4504792332268371,1.1371951946016357,6,54,259,82.74760383386581,5.796296296296297,6.372656085761567,79,Oil,Repairable,Deferrable,B737,Intermittent,2180.74,8,52,7973.0
PN-10292,499,1.5942492012779552,3.6740032873758297,25,76,237,75.71884984025559,4.118421052631579,5.310882156893822,28,Fuel,Expendable,Essential,B737,Lumpy,219.28,2,35,11808.0
PN-10293,39,0.12460063897763578,0.6605664213770425,7,14,299,95.52715654952077,22.357142857142858,28.105573256460836,49,Airborne Auxiliary Power,Repairable,Routine,B737,Intermittent,95.55,2,25,4870.0
PN-10294,120,0.38338658146964855,1.9114982798301772,22,27,286,91.3738019169329,11.592592592592593,24.858447738603996,22,Auto Flight,Repairable,Routine,A330,Lumpy,6058.79,2,17,8027.0
PN-10295,242,0.7731629392971247,4.14361362508701,52,33,280,89.45686900958466,9.484848484848484,28.72211707025755,25,Equipment/Furnishings,Expendable,Deferrable,B777,Lumpy,10.39,1,27,4413.0
PN-10296,239,0.7635782747603834,1.8712610518422828,13,58,255,81.46964856230032,5.396551724137931,6.0056722818272865,34,Navigation,Repairable,Routine,A320,Intermittent,14904.89,4,38,2049.0
PN-10297,73,0.23322683706070288,0.7925422436661735,6,31,282,90.09584664536742,10.096774193548388,11.547495320717314,52,Doors,Repairable,Essential,A320,Intermittent,3962.38,6,20,8739.0
PN-10298,830,2.6517571884984026,3.477510868177052,19,189,124,39.61661341853035,1.656084656084656,1.7197664894983098,22,Auto Flight,Rotable,Essential,A320,Erratic,38082.23,16,59,13873.0
PN-10299,238,0.7603833865814696,2.6548388055233887,24,41,272,86.90095846645367,7.634146341463414,12.190206851971556,27,Flight Controls,Repairable,Essential,A350,Lumpy,963.04,4,57,7993.0
PN-10300,22,0.07028753993610223,0.5140764500956713,6,7,306,97.76357827476039,44.714285714285715,53.49321890230982,77,Engine Indicating,Rotable,Deferrable,A330,Intermittent,115915.11,4,36,4684.0
PN-10301,444,1.4185303514376997,2.8656746889614046,15,79,234,74.76038338658148,3.962025316455696,4.08109317737696,49,Airborne Auxiliary Power,Expendable,Deferrable,B737,Intermittent,577.33,2,63,6427.0
PN-10302,309,0.987220447284345,3.4156262714540695,25,50,263,84.02555910543131,6.26,11.970503193144342,49,Airborne Auxiliary Power,Repairable,Essential,B777,Lumpy,689.32,4,61,3002.0
PN-10303,73,0.23322683706070288,1.4411249622129798,16,15,298,95.2076677316294,20.866666666666667,38.180906601998764,78,Exhaust,Expendable,Routine,A330,Lumpy,366.44,2,12,2031.0
PN-10304,1131,3.6134185303514377,5.398309220752427,32,136,177,56.54952076677316,2.301470588235294,2.2319218342215077,25,Equipment/Furnishings,Expendable,AOG-Critical,B787,Lumpy,118.79,3,72,16834.0
PN-10305,175,0.5591054313099042,2.4212974308134876,24,41,272,86.90095846645367,7.634146341463414,18.754645525902667,35,Oxygen,Expendable,Essential,A321,Lumpy,18.55,3,21,11244.0
PN-10306,64,0.20447284345047922,0.8221955792719031,6,22,291,92.97124600638978,14.227272727272727,16.16884515224358,78,Exhaust,Repairable,Deferrable,B737,Intermittent,1194.57,6,37,2949.0
PN-10307,1152,3.680511182108626,7.134255373748219,57,113,200,63.897763578274756,2.769911504424779,3.75734452516001,31,Indicating/Recording Systems,Expendable,Routine,A320,Erratic,36.13,3,16,9996.0
PN-10308,301,0.9616613418530351,1.7916651187550583,10,94,219,69.96805111821087,3.3297872340425534,3.471117868456197,38,Water/Waste,Repairable,Deferrable,A330,Intermittent,427.74,3,75,6373.0
PN-10309,357,1.1405750798722045,1.7001269715833576,8,128,185,59.105431309904155,2.4453125,2.2218511336158366,49,Airborne Auxiliary Power,Repairable,Essential,B737,Intermittent,1466.37,6,58,13562.0
PN-10310,465,1.4856230031948883,2.063250876149261,9,139,174,55.59105431309904,2.2517985611510793,1.9287984382365224,21,Air Conditioning,Expendable,Routine,A320,Intermittent,110.77,2,69,9122.0
PN-10311,244,0.7795527156549521,2.707888013120776,28,47,266,84.98402555910543,6.659574468085107,12.066197288949079,80,Starting,Rotable,Routine,B737,Lumpy,8884.85,8,51,8684.0
PN-10312,79,0.2523961661341853,2.286429238586267,36,12,301,96.1661341853035,26.083333333333332,82.06349759037627,34,Navigation,Rotable,Deferrable,B737,Lumpy,4765.2,16,28,6074.0
PN-10313,234,0.7476038338658147,1.8904794389826143,10,53,260,83.06709265175719,5.90566037735849,6.394415856077584,77,Engine Indicating,Expendable,Routine,A350,Intermittent,540.78,3,51,3758.0
PN-10314,187,0.597444089456869,1.7607526392539161,11,46,267,85.3035143769968,6.804347826086956,8.685646664334925,80,Starting,Expendable,AOG-Critical,A320,Lumpy,63.02,1,29,16597.0
PN-10315,34,0.10862619808306709,0.6261059683010776,6,13,300,95.84664536741214,24.076923076923077,33.22205771448852,78,Exhaust,Rotable,Routine,A330,Intermittent,16826.02,10,11,9034.0
PN-10316,280,0.8945686900958466,4.377799751328798,60,32,281,89.77635782747603,9.78125,23.948835279304017,52,Doors,Rotable,Deferrable,B737,Lumpy,872.89,8,71,5971.0
PN-10317,212,0.6773162939297125,1.9368300708517132,13,45,268,85.62300319488818,6.955555555555556,8.1771128572537,22,Auto Flight,Expendable,Routine,A320,Intermittent,22.1,2,13,3913.0
PN-10318,1394,4.453674121405751,2.603977649403115,14,294,19,6.070287539936102,1.064625850340136,0.3418516119371805,76,Engine Controls,Expendable,Routine,B787,Smooth,13.6,1,61,6979.0
PN-10319,132,0.4217252396166134,1.0806163192331362,7,53,260,83.06709265175719,5.90566037735849,6.565742653810837,30,Ice and Rain Protection,Repairable,Essential,B787,Intermittent,976.17,8,32,10714.0
PN-10320,47,0.1501597444089457,0.6095986805456612,4,24,289,92.33226837060703,13.041666666666666,16.4809027173219,21,Air Conditioning,Repairable,Deferrable,A320,Intermittent,2515.09,2,9,4481.0
PN-10321,220,0.7028753993610224,1.6750118753315886,11,61,252,80.5111821086262,5.131147540983607,5.679094485060399,29,Hydraulic Power,Repairable,AOG-Critical,B787,Intermittent,3360.77,3,65,19236.0
PN-10322,79,0.2523961661341853,1.001698402066811,6,22,291,92.97124600638978,14.227272727272727,15.751011713277364,34,Navigation,Rotable,Essential,B737,Intermittent,939.89,4,10,8346.0
PN-10323,546,1.744408945686901,3.971675644104261,23,66,247,78.91373801916933,4.742424242424242,5.183832222769245,32,Landing Gear,Expendable,Routine,A320,Lumpy,897.98,2,32,7273.0
PN-10324,108,0.3450479233226837,1.7927335740616313,16,16,297,94.88817891373802,19.5625,26.994337167176685,29,Hydraulic Power,Rotable,Deferrable,B787,Lumpy,14151.19,6,22,5155.0
PN-10325,44,0.14057507987220447,0.6789289653697377,5,15,298,95.2076677316294,20.866666666666667,23.325555599703325,74,Ignition,Rotable,AOG-Critical,A320,Lumpy,19894.78,10,21,19402.0
PN-10326,183,0.5846645367412141,2.6782638785469497,23,26,287,91.69329073482429,12.038461538461538,20.984238988538902,72,Engine - Turbine/Turboprop,Expendable,Deferrable,A321,Lumpy,30.16,1,47,5666.0
PN-10327,125,0.3993610223642173,1.462216301877351,12,27,286,91.3738019169329,11.592592592592593,13.405773948717961,79,Oil,Expendable,Routine,B737,Intermittent,433.49,3,40,4856.0
PN-10328,51,0.16293929712460065,0.7176575495895222,6,20,293,93.61022364217251,15.65,19.399156143100768,80,Starting,Rotable,Routine,A320,Intermittent,23470.19,4,31,2233.0
PN-10329,671,2.143769968051118,2.9267392108717445,17,148,165,52.715654952076676,2.114864864864865,1.8638531278889436,23,Communications,Expendable,AOG-Critical,B777,Erratic,262.74,4,38,19899.0
PN-10330,1121,3.5814696485623,7.653592361652054,63,125,188,60.063897763578275,2.504,4.566759122135918,77,Engine Indicating,Expendable,Essential,A321,Lumpy,5.47,3,57,7303.0
PN-10331,533,1.7028753993610224,4.1041596363888395,36,98,215,68.69009584664538,3.193877551020408,5.8087508194208874,24,Electrical Power,Expendable,Deferrable,B777,Lumpy,408.0,1,63,2546.0
PN-10332,125,0.3993610223642173,1.1022701984536054,7,51,262,83.70607028753993,6.137254901960785,7.618066871794865,29,Hydraulic Power,Rotable,Deferrable,A320,Intermittent,8626.04,10,60,5061.0
PN-10333,178,0.5686900958466453,1.32623087837456,6,67,246,78.59424920127796,4.6716417910447765,5.438597779676872,23,Communications,Repairable,Deferrable,A320,Intermittent,419.24,8,30,7248.0
PN-10334,235,0.7507987220447284,1.8139084274227537,9,57,256,81.78913738019169,5.491228070175438,5.83691901428887,72,Engine - Turbine/Turboprop,Expendable,Deferrable,B777,Intermittent,33.63,1,50,2450.0
PN-10335,87,0.2779552715654952,0.9351023037645534,6,33,280,89.45686900958466,9.484848484848484,11.317967011189362,77,Engine Indicating,Repairable,Essential,B777,Intermittent,818.36,2,31,13030.0
PN-10336,1782,5.693290734824281,9.527045831598684,62,157,156,49.84025559105431,1.9936305732484076,2.8002047285779685,24,Electrical Power,Expendable,Routine,A350,Erratic,106.08,1,27,9448.0
PN-10337,98,0.31309904153354634,1.2238499231483015,8,23,290,92.65175718849841,13.608695652173912,15.278926916135363,72,Engine - Turbine/Turboprop,Expendable,AOG-Critical,A321,Intermittent,436.5,1,14,8008.0
PN-10338,850,2.7156549520766773,1.6326921400405154,10,302,11,3.5143769968051117,1.0364238410596027,0.3614593203797356,27,Flight Controls,Repairable,Essential,A320,Smooth,3566.62,6,73,12109.0
PN-10339,220,0.7028753993610224,2.4121536632897906,21,45,268,85.62300319488818,6.955555555555556,11.777503840856113,78,Exhaust,Repairable,Essential,B737,Lumpy,573.18,3,51,12680.0
PN-10340,1067,3.4089456869009584,5.314968868880499,29,121,192,61.34185303514377,2.5867768595041323,2.4308674952908236,27,Flight Controls,Rotable,Routine,A330,Erratic,2841.3,12,36,3339.0
PN-10341,145,0.46325878594249204,1.181898022682294,10,61,252,80.5111821086262,5.131147540983607,6.508976188298422,29,Hydraulic Power,Repairable,Routine,A321,Intermittent,299.03,8,29,3040.0
PN-10342,45,0.14376996805111822,0.8253405502208051,8,12,301,96.1661341853035,26.083333333333332,32.95566001899337,25,Equipment/Furnishings,Rotable,Routine,A330,Intermittent,48939.03,8,5,2976.0
PN-10343,196,0.6261980830670927,3.0209021702424925,25,22,291,92.97124600638978,14.227272727272727,23.272865239109773,78,Exhaust,Expendable,Deferrable,A320,Lumpy,400.73,1,17,2494.0
PN-10344,748,2.389776357827476,4.1619642507093735,24,109,204,65.17571884984025,2.871559633027523,3.033068162570363,71,Power Plant,Expendable,Deferrable,B737,Lumpy,232.86,2,71,4378.0
PN-10345,2007,6.412140575079873,2.970924198891638,15,295,18,5.7507987220447285,1.0610169491525423,0.2146728255431872,24,Electrical Power,Expendable,Routine,A321,Smooth,102.71,3,62,6927.0
PN-10346,184,0.5878594249201278,1.9950530693207331,18,37,276,88.17891373801918,8.45945945945946,11.51759847892734,22,Auto Flight,Repairable,Essential,B737,Lumpy,2982.94,2,69,6706.0
PN-10347,203,0.6485623003194888,1.7553415302821138,9,45,268,85.62300319488818,6.955555555555556,7.325206218955157,36,Pneumatic,Expendable,Essential,B737,Intermittent,97.0,2,47,13384.0
PN-10348,1183,3.779552715654952,7.090484129021857,39,156,157,50.159744408945684,2.0064102564102564,3.5194189194074137,71,Power Plant,Expendable,Routine,A321,Lumpy,27.85,2,71,8805.0
PN-10349,1190,3.801916932907348,2.8865952627665807,13,239,74,23.642172523961662,1.3096234309623431,0.5764565011524976,74,Ignition,Expendable,AOG-Critical,A350,Smooth,90.39,2,57,9602.0
PN-10350,494,1.5782747603833867,3.766558428940634,30,77,236,75.39936102236422,4.064935064935065,5.695399528064582,79,Oil,Repairable,Deferrable,A321,Lumpy,432.02,3,54,4029.0
PN-10351,243,0.7763578274760383,2.0114615874291406,10,47,266,84.98402555910543,6.659574468085107,6.7127367275591645,52,Doors,Expendable,AOG-Critical,A320,Intermittent,220.5,4,58,16002.0
PN-10352,786,2.511182108626198,2.6398152510505106,12,185,128,40.894568690095845,1.691891891891892,1.1050721912851154,74,Ignition,Rotable,Essential,B737,Erratic,4202.73,8,61,3138.0
PN-10353,27,0.08626198083067092,0.386763885259386,3,19,294,93.9297124600639,16.473684210526315,20.10263444831346,30,Ice and Rain Protection,Rotable,Deferrable,A320,Intermittent,4236.19,10,45,2431.0
PN-10354,102,0.3258785942492013,1.3237964821826058,10,24,289,92.33226837060703,13.041666666666666,16.50177939451295,38,Water/Waste,Repairable,Essential,A320,Intermittent,719.2,4,26,4727.0
PN-10355,67,0.21405750798722045,0.9585280966496739,9,21,292,93.29073482428115,14.904761904761905,20.051587641585407,74,Ignition,Rotable,AOG-Critical,B787,Intermittent,4004.81,4,23,14355.0
PN-10356,161,0.5143769968051118,1.2118344109114731,7,61,252,80.5111821086262,5.131147540983607,5.55038979384105,35,Oxygen,Repairable,Routine,B737,Intermittent,345.48,4,74,4503.0
PN-10357,1303,4.1629392971246,7.927291809653907,63,133,180,57.50798722044729,2.3533834586466167,3.6261814680280784,24,Electrical Power,Rotable,AOG-Critical,A320,Erratic,173489.26,8,57,19171.0
PN-10358,442,1.4121405750798721,2.28697108626368,12,105,208,66.45367412140575,2.980952380952381,2.622801867808624,73,Engine Fuel and Control,Expendable,AOG-Critical,B737,Intermittent,42.3,2,49,13744.0
PN-10359,334,1.0670926517571886,2.837247139028711,25,59,254,81.15015974440894,5.305084745762712,7.069522401535027,38,Water/Waste,Repairable,Deferrable,A320,Lumpy,1569.31,4,36,5707.0
PN-10360,518,1.6549520766773163,1.8542525830983116,8,178,135,43.13099041533546,1.7584269662921348,1.255356110809778,36,Pneumatic,Expendable,Routine,B737,Intermittent,152.25,3,77,5507.0
PN-10361,1504,4.805111821086262,4.711929697888177,24,216,97,30.990415335463258,1.4490740740740742,0.9615914803885394,52,Doors,Repairable,Routine,A350,Erratic,2435.38,6,44,7232.0
PN-10362,3149,10.060702875399361,6.994926422645835,40,295,18,5.7507987220447285,1.0610169491525423,0.48340334929082457,72,Engine - Turbine/Turboprop,Expendable,Routine,A320,Erratic,31.57,1,44,4839.0
PN-10363,624,1.9936102236421724,2.710371355746106,13,137,176,56.23003194888179,2.2846715328467155,1.8483197046898963,49,Airborne Auxiliary Power,Expendable,Routine,A350,Smooth,24.39,4,14,9080.0
PN-10364,108,0.3450479233226837,1.1361411639804562,7,33,280,89.45686900958466,9.484848484848484,10.841908919841018,52,Doors,Repairable,Essential,B737,Intermittent,338.02,8,12,3822.0
PN-10365,163,0.5207667731629393,1.337471562092166,6,49,264,84.34504792332268,6.387755102040816,6.596029351731484,30,Ice and Rain Protection,Repairable,Essential,B737,Intermittent,1983.35,6,58,13318.0
PN-10366,863,2.757188498402556,3.4032160157137943,19,214,99,31.629392971246006,1.4626168224299065,1.5235128317708275,49,Airborne Auxiliary Power,Expendable,Routine,A350,Erratic,36.28,2,41,8272.0
PN-10367,867,2.769968051118211,3.7695803767693725,16,126,187,59.7444089456869,2.484126984126984,1.8519808689975483,49,Airborne Auxiliary Power,Expendable,Essential,A321,Smooth,1186.86,2,11,3674.0
PN-10368,66,0.2108626198083067,1.7265675403675371,25,12,301,96.1661341853035,26.083333333333332,67.04523969296697,73,Engine Fuel and Control,Rotable,Essential,A320,Lumpy,12907.32,16,33,3846.0
PN-10369,774,2.472843450479233,4.689738924902645,20,87,226,72.20447284345049,3.5977011494252875,3.596698937731626,30,Ice and Rain Protection,Expendable,Routine,B737,Lumpy,71.48,2,72,4313.0
PN-10370,557,1.779552715654952,2.8362291785294147,12,106,207,66.13418530351439,2.952830188679245,2.540159140991053,24,Electrical Power,Expendable,Essential,A330,Intermittent,59.91,3,59,5593.0
PN-10371,368,1.1757188498402555,2.1373775742858845,10,89,224,71.56549520766772,3.5168539325842696,3.304878779582304,74,Ignition,Expendable,Essential,A321,Intermittent,113.67,4,65,7713.0
PN-10372,140,0.4472843450479233,1.9059456496788618,15,22,291,92.97124600638978,14.227272727272727,18.157398613291473,52,Doors,Expendable,Essential,A330,Lumpy,55.35,2,34,8271.0
PN-10373,65,0.20766773162939298,1.2056246352156001,16,18,295,94.24920127795528,17.38888888888889,33.7043680776817,73,Engine Fuel and Control,Repairable,Routine,A321,Lumpy,4035.66,3,27,5437.0
PN-10374,147,0.4696485623003195,1.1739174791656157,8,58,255,81.46964856230032,5.396551724137931,6.2478291333976435,74,Ignition,Rotable,Routine,B737,Intermittent,9535.49,8,40,2947.0
PN-10375,115,0.36741214057507987,1.1804328897314862,7,35,278,88.81789137380191,8.942857142857143,10.322279094566435,30,Ice and Rain Protection,Expendable,Essential,A320,Intermittent,170.28,1,19,11993.0
PN-10376,287,0.9169329073482428,2.136256202516879,9,55,258,82.42811501597444,5.6909090909090905,5.427896464035664,76,Engine Controls,Expendable,Routine,A321,Intermittent,1489.88,3,69,3629.0
PN-10377,157,0.5015974440894568,1.101061843668733,7,74,239,76.35782747603834,4.22972972972973,4.818510346807639,22,Auto Flight,Repairable,Deferrable,A350,Intermittent,2669.41,2,53,4470.0
PN-10378,277,0.8849840255591054,1.750329112752549,9,79,234,74.76038338658148,3.962025316455696,3.9117272879474903,27,Flight Controls,Rotable,Routine,A320,Intermittent,11401.45,8,57,8212.0
PN-10379,571,1.8242811501597445,4.7323679032787895,25,63,250,79.87220447284345,4.968253968253968,6.729355298165663,38,Water/Waste,Expendable,Routine,A321,Lumpy,117.35,1,30,4026.0
PN-10380,726,2.319488817891374,3.1143027773704643,13,133,180,57.50798722044729,2.3533834586466167,1.8027566233332584,77,Engine Indicating,Expendable,Routine,B737,Intermittent,60.32,1,75,5610.0
PN-10381,1441,4.603833865814696,2.440887947512333,16,302,11,3.5143769968051117,1.0364238410596027,0.28109712216646027,52,Doors,Expendable,Essential,A321,Smooth,149.18,2,61,12642.0
PN-10382,113,0.3610223642172524,0.9236987951934491,5,54,259,82.74760383386581,5.796296296296297,6.546249329807172,52,Doors,Repairable,Essential,A320,Intermittent,3203.11,6,61,14780.0
PN-10383,511,1.6325878594249201,4.10860089255933,32,72,241,76.99680511182109,4.347222222222222,6.333368929366573,49,Airborne Auxiliary Power,Repairable,Deferrable,A321,Lumpy,855.1,4,71,2541.0
PN-10384,166,0.5303514376996805,1.6621364662704257,11,41,272,86.90095846645367,7.634146341463414,9.822133994737053,73,Engine Fuel and Control,Expendable,Routine,B737,Intermittent,45.66,2,34,3741.0
PN-10385,1479,4.725239616613418,4.557457472349211,24,220,93,29.712460063897762,1.4227272727272726,0.9302454973759942,38,Water/Waste,Repairable,Routine,A320,Erratic,1587.78,2,40,8132.0
PN-10386,98,0.31309904153354634,0.9695959605411918,7,40,273,87.22044728434504,7.825,9.589989213895917,78,Exhaust,Repairable,Routine,A321,Intermittent,3528.58,3,13,4776.0
PN-10387,437,1.3961661341853036,2.598616125398818,12,85,228,72.84345047923323,3.6823529411764704,3.464256650059058,26,Fire Protection,Expendable,Deferrable,B737,Intermittent,22.71,3,40,6968.0
PN-10388,326,1.0415335463258786,2.803649215352954,22,61,252,80.5111821086262,5.131147540983607,7.246041632285934,72,Engine - Turbine/Turboprop,Expendable,Essential,A321,Lumpy,25.24,2,44,10197.0
PN-10389,944,3.015974440894569,5.729735788365189,35,116,197,62.939297124600635,2.6982758620689653,3.6092243495942262,22,Auto Flight,Repairable,Deferrable,A330,Erratic,941.91,2,6,1936.0
PN-10390,236,0.7539936102236422,1.6033393717440736,8,74,239,76.35782747603834,4.22972972972973,4.521844085843295,52,Doors,Expendable,Routine,B737,Intermittent,17.5,4,65,4596.0
PN-10391,869,2.7763578274760383,2.8758193079645897,13,182,131,41.853035143769965,1.7197802197802199,1.0729322824995138,33,Lights,Expendable,Routine,A320,Intermittent,342.19,3,78,7296.0
PN-10392,458,1.463258785942492,5.080072769781624,41,39,274,87.53993610223642,8.025641025641026,12.053067421556541,35,Oxygen,Expendable,Routine,B787,Lumpy,272.86,1,12,2249.0
PN-10393,130,0.41533546325878595,1.4892847941213747,12,31,282,90.09584664536742,10.096774193548388,12.857528068578356,73,Engine Fuel and Control,Rotable,Deferrable,A320,Intermittent,35582.42,4,54,6486.0
PN-10394,689,2.2012779552715656,3.302252285405765,19,122,191,61.0223642172524,2.5655737704918034,2.250457056584761,77,Engine Indicating,Expendable,Deferrable,A321,Lumpy,44.54,2,42,1664.0
PN-10395,370,1.182108626198083,2.3305522402582577,11,80,233,74.4408945686901,3.9125,3.886895918787809,71,Power Plant,Expendable,Deferrable,B737,Intermittent,236.74,1,39,4998.0
PN-10396,101,0.3226837060702875,0.9205783885738892,7,47,266,84.98402555910543,6.659574468085107,8.138933085997106,36,Pneumatic,Repairable,AOG-Critical,A320,Intermittent,2524.66,3,52,9683.0
PN-10397,293,0.9361022364217252,2.527237549289709,17,63,250,79.87220447284345,4.968253968253968,7.288624316816257,73,Engine Fuel and Control,Rotable,Routine,A350,Lumpy,74431.92,4,62,6507.0
PN-10398,871,2.7827476038338657,1.5985037445525137,9,295,18,5.7507987220447285,1.0610169491525423,0.3299739693099664,36,Pneumatic,Repairable,Essential,A321,Smooth,6946.98,4,65,7671.0
PN-10399,290,0.9265175718849841,1.6204916792575035,10,108,205,65.49520766773162,2.8981481481481484,3.059047989267966,71,Power Plant,Repairable,Deferrable,A321,Intermittent,4020.21,4,67,2481.0
PN-10400,304,0.9712460063897763,1.9104480059707603,10,80,233,74.4408945686901,3.9125,3.869117804553768,52,Doors,Repairable,Routine,B777,Intermittent,1819.85,8,65,7398.0
PN-10401,291,0.9297124600638977,1.9335546464741937,12,81,232,74.12140575079871,3.8641975308641974,4.32529365864471,74,Ignition,Expendable,AOG-Critical,B777,Intermittent,263.23,1,63,15457.0
PN-10402,159,0.5079872204472844,1.5130098546767565,10,40,273,87.22044728434504,7.825,8.871109498467987,29,Hydraulic Power,Rotable,Routine,B737,Lumpy,2688.64,4,51,5623.0
PN-10403,77,0.24600638977635783,1.0254103431085093,9,23,290,92.65175718849841,13.608695652173912,17.374111818916997,34,Navigation,Rotable,AOG-Critical,B737,Intermittent,8374.99,10,16,11823.0
PN-10404,173,0.5527156549520766,1.5682958574366175,10,49,264,84.34504792332268,6.387755102040816,8.051048806962806,71,Power Plant,Expendable,Routine,A321,Intermittent,129.28,1,40,2628.0
PN-10405,889,2.840255591054313,2.9580468150630845,16,191,122,38.977635782747605,1.638743455497382,1.0846640324887142,31,Indicating/Recording Systems,Repairable,Essential,A320,Smooth,571.91,4,34,13988.0
PN-10406,2397,7.65814696485623,4.478732408969372,30,305,8,2.5559105431309903,1.0262295081967212,0.342028926919536,71,Power Plant,Expendable,Deferrable,A350,Erratic,231.43,1,77,7981.0
PN-10407,31,0.09904153354632587,0.4867794229451043,4,16,297,94.88817891373802,19.5625,24.15626083940338,71,Power Plant,Rotable,Routine,A350,Intermittent,5088.92,16,24,4780.0
PN-10408,713,2.2779552715654954,2.6133397260275943,10,165,148,47.284345047923324,1.896969696969697,1.316137780698464,72,Engine - Turbine/Turboprop,Expendable,Deferrable,B737,Lumpy,66.1,1,62,2606.0
PN-10409,82,0.26198083067092653,1.0599310147559677,11,26,287,91.69329073482429,12.038461538461538,16.368774691499258,71,Power Plant,Rotable,Deferrable,A320,Intermittent,5454.01,8,41,6315.0
PN-10410,184,0.5878594249201278,2.327258942469341,20,32,281,89.77635782747603,9.78125,15.672650342627602,28,Fuel,Rotable,AOG-Critical,A320,Erratic,2956.87,4,14,8847.0
PN-10411,2284,7.297124600638978,4.954073502652271,26,294,19,6.070287539936102,1.064625850340136,0.4609155578317625,38,Water/Waste,Repairable,Essential,B787,Erratic,3247.01,6,68,3918.0
PN-10412,13,0.04153354632587859,0.27999578692894683,3,8,305,97.44408945686901,39.125,45.44697314519801,76,Engine Controls,Rotable,AOG-Critical,A321,Intermittent,67672.43,6,14,12583.0
PN-10413,470,1.5015974440894568,4.3553125536513955,37,89,224,71.56549520766772,3.5168539325842696,8.412626609093333,34,Navigation,Repairable,AOG-Critical,A320,Lumpy,2397.51,4,61,15728.0
PN-10414,106,0.33865814696485624,1.121043236119428,7,32,281,89.77635782747603,9.78125,10.95775711768948,72,Engine - Turbine/Turboprop,Repairable,Routine,B737,Intermittent,5594.13,6,19,2360.0
PN-10415,391,1.2492012779552715,2.017997786204575,10,107,206,65.814696485623,2.925233644859813,2.6096155481412637,74,Ignition,Expendable,Deferrable,B777,Intermittent,250.27,1,77,4448.0
PN-10416,284,0.9073482428115016,1.8813466084245491,14,79,234,74.76038338658148,3.962025316455696,4.299219556686451,32,Landing Gear,Expendable,Routine,A320,Lumpy,157.63,2,66,9226.0
PN-10417,280,0.8945686900958466,1.6462085097600143,9,96,217,69.32907348242811,3.2604166666666665,3.3864315149136526,33,Lights,Expendable,Essential,A330,Intermittent,31.09,2,58,5758.0
PN-10418,1947,6.220447284345048,10.258484471180395,85,166,147,46.96485623003195,1.8855421686746987,2.7197136615537802,27,Flight Controls,Expendable,Routine,A320,Erratic,65.03,3,7,3463.0
PN-10419,250,0.7987220447284346,2.0555736369637603,11,49,264,84.34504792332268,6.387755102040816,6.623304717948717,22,Auto Flight,Expendable,Routine,A330,Intermittent,127.05,2,10,4996.0
PN-10420,213,0.6805111821086262,2.0032434583045435,20,68,245,78.27476038338658,4.602941176470588,8.665566005478729,23,Communications,Expendable,Deferrable,A321,Lumpy,5.59,4,45,2769.0
PN-10421,1770,5.654952076677317,2.943231492133388,17,295,18,5.7507987220447285,1.0610169491525423,0.2708887603932129,72,Engine - Turbine/Turboprop,Expendable,Essential,A320,Smooth,315.18,3,53,10528.0
PN-10422,564,1.8019169329073483,3.991866269502344,31,89,224,71.56549520766772,3.5168539325842696,4.907750030953403,33,Lights,Rotable,Essential,A330,Erratic,4025.07,16,27,6498.0
PN-10423,1142,3.648562300319489,2.117798394979868,12,300,13,4.15335463258786,1.0433333333333332,0.3369191504466284,28,Fuel,Expendable,Routine,A330,Smooth,27.79,3,65,3236.0
PN-10424,357,1.1405750798722045,2.540577549221391,15,80,233,74.4408945686901,3.9125,4.961547514933578,22,Auto Flight,Expendable,Routine,B737,Lumpy,806.17,2,47,2244.0
PN-10425,219,0.6996805111821086,1.525183856141822,7,71,242,77.31629392971246,4.408450704225352,4.7516543890629155,72,Engine - Turbine/Turboprop,Rotable,Routine,A320,Intermittent,4691.07,8,57,2402.0
PN-10426,155,0.4952076677316294,1.7543378576874458,17,37,276,88.17891373801918,8.45945945945946,12.550231863176714,71,Power Plant,Repairable,Deferrable,B777,Lumpy,3460.71,3,36,1347.0
PN-10427,519,1.65814696485623,3.779338958801075,22,75,238,76.03833865814697,4.173333333333333,5.19500115134784,21,Air Conditioning,Expendable,Deferrable,A320,Lumpy,280.36,3,46,3745.0
PN-10428,320,1.0223642172523961,1.8749730344037305,9,90,223,71.24600638977637,3.477777777777778,3.3634019431089754,31,Indicating/Recording Systems,Repairable,Routine,A320,Intermittent,2212.82,8,54,4544.0
PN-10429,3630,11.59744408945687,10.995814756730486,66,294,19,6.070287539936102,1.064625850340136,0.8989390665404936,33,Lights,Expendable,Routine,B737,Erratic,124.26,2,53,4658.0
PN-10430,346,1.1054313099041533,1.712997790998362,8,121,192,61.34185303514377,2.5867768595041323,2.4013202506616107,22,Auto Flight,Expendable,Deferrable,A320,Intermittent,15.51,3,41,7194.0
PN-10431,201,0.6421725239616614,1.206185078874324,7,94,219,69.96805111821087,3.3297872340425534,3.5279665900628285,24,Electrical Power,Repairable,Deferrable,A321,Intermittent,5692.35,4,64,7931.0
PN-10432,236,0.7539936102236422,3.1612930999927236,32,31,282,90.09584664536742,10.096774193548388,17.57900120802304,78,Exhaust,Repairable,AOG-Critical,A321,Lumpy,2511.81,8,8,7977.0
PN-10433,530,1.6932907348242812,3.653482668730642,26,93,220,70.28753993610223,3.3655913978494625,4.655336076348005,79,Oil,Rotable,Essential,A330,Erratic,13812.97,16,29,13959.0
PN-10434,83,0.26517571884984026,1.3971014125125043,19,24,289,92.33226837060703,13.041666666666666,27.758011657380234,23,Communications,Rotable,Routine,A350,Lumpy,23388.63,16,9,2918.0
PN-10435,62,0.19808306709265175,1.0091232070088847,10,16,297,94.88817891373802,19.5625,25.953365551375445,79,Oil,Rotable,AOG-Critical,A320,Intermittent,82884.84,8,38,17842.0
PN-10436,227,0.7252396166134185,1.737935157671784,9,59,254,81.15015974440894,5.305084745762712,5.742540919203578,49,Airborne Auxiliary Power,Expendable,Deferrable,A321,Intermittent,26.13,1,25,4010.0
PN-10437,3108,9.929712460063898,9.153333019494797,47,301,12,3.8338658146964857,1.0398671096345515,0.8497382763188747,38,Water/Waste,Expendable,Essential,A321,Erratic,36.13,3,56,11807.0
PN-10438,85,0.2715654952076677,1.5211299495509862,18,19,294,93.9297124600639,16.473684210526315,31.374980037263754,77,Engine Indicating,Rotable,AOG-Critical,A330,Lumpy,60867.1,10,22,6588.0
PN-10439,218,0.6964856230031949,1.7173381816290876,10,56,257,82.10862619808307,5.589285714285714,6.079772649284896,23,Communications,Repairable,Routine,B777,Intermittent,775.64,3,76,8612.0
PN-10440,196,0.6261980830670927,1.6342342907452394,8,47,266,84.98402555910543,6.659574468085107,6.810910451307681,25,Equipment/Furnishings,Rotable,AOG-Critical,A321,Smooth,2417.53,12,6,16083.0
PN-10441,1463,4.674121405750799,7.160423723179363,34,141,172,54.9520766773163,2.219858156028369,2.346807504711235,80,Starting,Expendable,Deferrable,A320,Lumpy,174.89,3,76,3075.0
PN-10442,35,0.11182108626198083,0.8302885310603504,10,9,304,97.12460063897763,34.77777777777778,55.132878074306625,73,Engine Fuel and Control,Repairable,Routine,A320,Lumpy,1017.86,2,5,5663.0
PN-10443,133,0.4249201277955272,1.3663605305223117,10,33,280,89.45686900958466,9.484848484848484,10.339892168245939,28,Fuel,Expendable,Routine,A320,Intermittent,47.95,3,26,5819.0
PN-10444,180,0.5750798722044729,1.715769266624243,9,40,273,87.22044728434504,7.825,8.901463873061097,33,Lights,Expendable,Essential,A320,Intermittent,137.58,2,49,13091.0
PN-10445,105,0.3354632587859425,1.03740362207198,8,39,274,87.53993610223642,8.025641025641026,9.563251933251925,34,Navigation,Rotable,AOG-Critical,A330,Lumpy,9425.25,12,35,9549.0
PN-10446,100,0.3194888178913738,1.151992585628271,10,31,282,90.09584664536742,10.096774193548388,13.001337820512827,23,Communications,Rotable,Routine,A320,Intermittent,28809.97,8,10,3290.0
PN-10447,724,2.313099041533546,2.6099638308782502,11,171,142,45.367412140575084,1.8304093567251463,1.2731527735057093,49,Airborne Auxiliary Power,Expendable,Routine,B737,Smooth,112.56,2,19,6902.0
PN-10448,461,1.4728434504792332,4.431826607752488,36,68,245,78.27476038338658,4.602941176470588,9.054247157958086,31,Indicating/Recording Systems,Rotable,Routine,A350,Erratic,21836.55,4,28,6895.0
PN-10449,236,0.7539936102236422,2.261762351763879,16,50,263,84.02555910543131,6.26,8.998261510286603,38,Water/Waste,Expendable,Deferrable,A321,Lumpy,115.94,2,18,2947.0
PN-10450,220,0.7028753993610224,1.9176703716480359,10,48,265,84.66453674121406,6.520833333333333,7.44374059652469,35,Oxygen,Repairable,Essential,A320,Lumpy,1646.84,3,70,9684.0
PN-10451,491,1.5686900958466454,1.9470335448588036,8,157,156,49.84025559105431,1.9936305732484076,1.5405385082298648,73,Engine Fuel and Control,Repairable,Deferrable,A320,Intermittent,1064.93,6,75,7540.0
PN-10452,835,2.6677316293929714,1.8992610653654336,9,265,48,15.335463258785943,1.181132075471698,0.506856540258957,52,Doors,Repairable,Essential,A320,Smooth,1451.82,6,43,11778.0
PN-10453,603,1.926517571884984,5.166866178164055,36,53,260,83.06709265175719,5.90566037735849,7.192973788905819,31,Indicating/Recording Systems,Expendable,Routine,A320,Lumpy,78.78,1,8,8145.0
PN-10454,381,1.2172523961661341,1.4579873256860725,6,164,149,47.6038338658147,1.9085365853658536,1.4346508536321907,26,Fire Protection,Repairable,Deferrable,A321,Intermittent,3543.76,3,67,2904.0
PN-10455,1809,5.779552715654952,6.7851150098381785,38,213,100,31.948881789137378,1.4694835680751173,1.3782435488313216,31,Indicating/Recording Systems,Expendable,Routine,A321,Erratic,6.38,1,36,7369.0
PN-10456,22,0.07028753993610223,0.38586264545606364,3,11,302,96.48562300319489,28.454545454545453,30.137608603517712,26,Fire Protection,Repairable,AOG-Critical,A321,Intermittent,7984.19,8,18,15321.0
PN-10457,133,0.4249201277955272,1.783548054713351,18,28,285,91.05431309904152,11.178571428571429,17.617935816986076,38,Water/Waste,Repairable,Essential,A320,Lumpy,1419.84,4,34,12315.0
PN-10458,252,0.805111821086262,2.809731156204855,29,51,262,83.70607028753993,6.137254901960785,12.179154169977576,22,Auto Flight,Rotable,Essential,B737,Lumpy,10581.65,6,45,3629.0
PN-10459,2021,6.456869009584665,3.1803018178560216,18,292,21,6.7092651757188495,1.071917808219178,0.2426010761451279,23,Communications,Expendable,Essential,A320,Smooth,28.97,3,49,6655.0
PN-10460,20,0.06389776357827476,0.3700400391036818,3,11,302,96.48562300319489,28.454545454545453,33.53714743589748,38,Water/Waste,Rotable,Deferrable,B777,Intermittent,1351.23,4,20,1079.0
PN-10461,71,0.2268370607028754,0.8823311356747401,7,28,285,91.05431309904152,11.178571428571429,15.129869683976013,32,Landing Gear,Repairable,Essential,B737,Intermittent,6756.78,4,6,3743.0
PN-10462,481,1.536741214057508,2.19981604420188,10,123,190,60.70287539936102,2.5447154471544717,2.0491382154583815,79,Oil,Expendable,Essential,B777,Intermittent,34.98,2,47,12668.0
PN-10463,781,2.4952076677316293,2.5895764995690906,13,189,124,39.61661341853035,1.656084656084656,1.0770704171544552,38,Water/Waste,Rotable,Deferrable,B787,Smooth,14529.19,8,51,7095.0
PN-10464,178,0.5686900958466453,1.4037189192614805,9,61,252,80.5111821086262,5.131147540983607,6.092688536477199,74,Ignition,Rotable,Routine,A320,Intermittent,1314.75,8,50,6422.0
PN-10465,2336,7.463258785942492,6.350304726192867,38,299,14,4.472843450479233,1.0468227424749164,0.7239892704288575,33,Lights,Repairable,Deferrable,B737,Erratic,920.13,2,74,3426.0
PN-10466,1406,4.492012779552716,2.3220169945358027,12,298,15,4.792332268370607,1.0503355704697988,0.2672076094298524,22,Auto Flight,Repairable,Routine,A320,Smooth,8671.49,3,66,9808.0
PN-10467,3817,12.194888178913738,13.842881145228315,106,292,21,6.7092651757188495,1.071917808219178,1.288538310244065,24,Electrical Power,Expendable,Deferrable,A320,Erratic,24.8,2,74,7126.0
PN-10468,462,1.476038338658147,1.6756842149608697,8,182,131,41.853035143769965,1.7197802197802199,1.2888105461157409,35,Oxygen,Expendable,Routine,B737,Intermittent,185.43,2,62,2280.0
PN-10469,86,0.2747603833865815,1.013325647895041,10,34,279,89.1373801916933,9.205882352941176,13.60159511031605,32,Landing Gear,Rotable,Deferrable,A320,Lumpy,5796.25,16,35,5616.0
PN-10470,117,0.3738019169329074,1.1255556686372472,6,38,275,87.8594249201278,8.236842105263158,9.066734754275837,77,Engine Indicating,Repairable,Routine,B787,Lumpy,335.39,4,21,6006.0
PN-10471,61,0.19488817891373802,1.0270567561749866,10,18,295,94.24920127795528,17.38888888888889,27.77268655379378,36,Pneumatic,Rotable,Deferrable,B737,Lumpy,1121.43,10,8,5222.0
PN-10472,81,0.25878594249201275,1.2378102287369643,12,20,293,93.61022364217251,15.65,22.878459154522265,35,Oxygen,Expendable,AOG-Critical,B777,Lumpy,21.57,3,6,14037.0
PN-10473,30,0.09584664536741214,0.49718631599958196,4,13,300,95.84664536741214,24.076923076923077,26.9081908831909,24,Electrical Power,Rotable,AOG-Critical,B787,Intermittent,5928.97,12,16,7277.0
PN-10474,108,0.3450479233226837,1.147369936041507,9,35,278,88.81789137380191,8.942857142857143,11.0572746298055,79,Oil,Repairable,Routine,B737,Intermittent,344.94,6,14,7539.0
PN-10475,167,0.5335463258785943,1.5232153950357639,14,52,261,83.38658146964856,6.019230769230769,8.150389685851698,28,Fuel,Repairable,Routine,A350,Intermittent,1070.15,4,26,2976.0
PN-10476,158,0.5047923322683706,1.6075172084073108,10,37,276,88.17891373801918,8.45945945945946,10.141116284372576,49,Airborne Auxiliary Power,Rotable,Routine,A321,Intermittent,10395.98,8,77,6982.0
PN-10477,126,0.402555910543131,1.145333278211235,7,46,267,85.3035143769968,6.804347826086956,8.094897313151279,77,Engine Indicating,Repairable,AOG-Critical,A350,Intermittent,3082.47,4,28,12389.0
PN-10478,147,0.4696485623003195,1.6012431682252357,10,29,284,90.73482428115017,10.793103448275861,11.624347523764435,22,Auto Flight,Expendable,Deferrable,A320,Lumpy,1025.86,2,14,4827.0
PN-10479,85,0.2715654952076677,1.0559916546559631,8,23,290,92.65175718849841,13.608695652173912,15.120696477686097,25,Equipment/Furnishings,Expendable,Essential,B777,Intermittent,1680.28,1,40,14897.0
PN-10480,618,1.97444089456869,3.9116015504655275,29,109,204,65.17571884984025,2.871559633027523,3.9248308463302797,73,Engine Fuel and Control,Repairable,Routine,B777,Lumpy,5897.21,8,71,4029.0
PN-10481,263,0.8402555910543131,1.3913800329177848,7,109,204,65.17571884984025,2.871559633027523,2.7420079619186186,33,Lights,Repairable,Essential,A350,Intermittent,5771.57,4,74,11216.0
PN-10482,3645,11.645367412140574,10.109914495115676,87,296,17,5.431309904153355,1.0574324324324325,0.7536827490655671,38,Water/Waste,Expendable,Routine,A321,Erratic,127.38,1,47,2000.0
PN-10483,263,0.8402555910543131,1.638883277113503,9,81,232,74.12140575079871,3.8641975308641974,3.8042865838446245,23,Communications,Repairable,Essential,A320,Intermittent,3451.24,6,39,13785.0
PN-10484,380,1.2140575079872205,3.1958798329941382,25,72,241,76.99680511182109,4.347222222222222,6.9295074224021596,26,Fire Protection,Expendable,Essential,A350,Lumpy,40.03,2,48,4160.0
PN-10485,1171,3.741214057507987,4.214610704814276,15,161,152,48.56230031948881,1.9440993788819876,1.269082386890453,31,Indicating/Recording Systems,Expendable,Deferrable,A321,Smooth,11.96,1,24,5079.0
PN-10486,46,0.14696485623003194,0.5917152831599496,5,24,289,92.33226837060703,13.041666666666666,16.210581164267364,21,Air Conditioning,Repairable,Routine,A321,Intermittent,2371.77,4,37,7059.0
PN-10487,117,0.3738019169329074,1.5722607189425193,14,21,292,93.29073482428115,14.904761904761905,17.691557979362056,23,Communications,Expendable,AOG-Critical,A330,Intermittent,439.57,3,23,15954.0
PN-10488,814,2.6006389776357826,3.1220267251338893,12,149,164,52.39616613418531,2.1006711409395975,1.4411629815499605,33,Lights,Expendable,Routine,B737,Intermittent,786.09,1,76,3004.0
PN-10489,266,0.8498402555910544,1.5770209785248976,9,99,214,68.370607028754,3.1616161616161618,3.4435020279153616,30,Ice and Rain Protection,Repairable,Essential,A320,Intermittent,1739.38,6,60,3684.0
PN-10490,539,1.7220447284345048,2.1174018696223285,9,158,155,49.52076677316294,1.981012658227848,1.5118814174605315,27,Flight Controls,Expendable,Routine,A320,Smooth,159.22,2,23,7514.0
PN-10491,361,1.1533546325878594,5.382973804469224,60,48,265,84.66453674121406,6.520833333333333,21.78305580362809,34,Navigation,Repairable,Routine,A320,Lumpy,1510.8,4,56,7842.0
PN-10492,184,0.5878594249201278,1.9230666830234455,14,46,267,85.3035143769968,6.804347826086956,10.701427577129081,76,Engine Controls,Rotable,Deferrable,B787,Lumpy,5772.26,16,41,1147.0
PN-10493,252,0.805111821086262,2.1669958978803643,12,48,265,84.66453674121406,6.520833333333333,7.244422519720136,76,Engine Controls,Expendable,Deferrable,B737,Intermittent,514.75,4,8,3772.0
PN-10494,694,2.2172523961661343,2.98888262558996,13,129,184,58.78594249201278,2.4263565891472867,1.8171360950103606,38,Water/Waste,Expendable,Essential,A321,Intermittent,33.74,2,61,7534.0
PN-10495,1393,4.4504792332268375,3.2331825375133807,16,247,66,21.08626198083067,1.2672064777327936,0.5277726628720651,73,Engine Fuel and Control,Repairable,AOG-Critical,A320,Smooth,5127.43,4,71,11776.0
PN-10496,305,0.9744408945686901,1.9113322035084392,11,80,233,74.4408945686901,3.9125,3.8473469359628973,71,Power Plant,Repairable,AOG-Critical,B777,Intermittent,8808.54,4,42,11831.0
PN-10497,564,1.8019169329073483,2.9065128292183866,13,116,197,62.939297124600635,2.6982758620689653,2.6018062681286973,77,Engine Indicating,Expendable,Routine,B787,Erratic,16.83,2,11,6202.0
PN-10498,54,0.17252396166134185,0.7567722154801382,7,19,294,93.9297124600639,16.473684210526315,19.24117160845557,49,Airborne Auxiliary Power,Repairable,Essential,A320,Intermittent,2998.79,3,8,9628.0
PN-10499,241,0.7699680511182109,3.3937337144533037,35,30,283,90.41533546325878,10.433333333333334,19.427195728864945,49,Airborne Auxiliary Power,Expendable,Routine,A321,Lumpy,30.19,2,47,6527.0
